iter,latency_ns
0,353
1,370
2,356
3,353
4,357
5,356
6,350
7,353
8,353
9,360
10,353
11,353
12,357
13,353
14,350
15,353
16,357
17,350
18,356
19,353
20,353
21,353
22,353
23,356
24,356
25,353
26,360
27,354
28,353
29,359
30,350
31,356
32,356
33,353
34,353
35,353
36,357
37,353
38,353
39,357
40,357
41,359
42,353
43,353
44,349
45,353
46,349
47,350
48,353
49,356
50,353
51,354
52,353
53,357
54,353
55,353
56,357
57,350
58,360
59,357
60,353
61,350
62,350
63,357
64,350
65,356
66,353
67,360
68,350
69,353
70,353
71,360
72,357
73,356
74,357
75,356
76,353
77,353
78,353
79,353
80,359
81,353
82,356
83,360
84,356
85,357
86,353
87,353
88,353
89,356
90,356
91,356
92,349
93,360
94,350
95,349
96,357
97,356
98,353
99,353
100,353
101,353
102,353
103,357
104,353
105,353
106,354
107,350
108,357
109,360
110,356
111,357
112,349
113,353
114,353
115,353
116,353
117,350
118,353
119,356
120,357
121,353
122,349
123,357
124,357
125,353
126,360
127,353
128,353
129,356
130,349
131,353
132,350
133,356
134,353
135,353
136,353
137,350
138,357
139,353
140,350
141,353
142,353
143,353
144,354
145,356
146,357
147,353
148,360
149,350
150,350
151,350
152,353
153,354
154,359
155,359
156,356
157,353
158,357
159,354
160,360
161,353
162,353
163,363
164,356
165,353
166,353
167,353
168,353
169,356
170,353
171,359
172,350
173,360
174,353
175,353
176,360
177,350
178,353
179,350
180,357
181,353
182,353
183,353
184,356
185,353
186,353
187,349
188,353
189,360
190,356
191,356
192,356
193,349
194,353
195,360
196,359
197,360
198,357
199,353
200,356
201,353
202,363
203,353
204,357
205,359
206,356
207,350
208,353
209,350
210,349
211,353
212,360
213,353
214,360
215,360
216,350
217,349
218,353
219,356
220,357
221,353
222,350
223,353
224,349
225,353
226,349
227,356
228,356
229,353
230,353
231,356
232,353
233,356
234,359
235,353
236,353
237,349
238,349
239,356
240,353
241,353
242,353
243,356
244,356
245,353
246,349
247,350
248,360
249,360
250,350
251,350
252,353
253,353
254,356
255,359
256,353
257,349
258,353
259,356
260,359
261,357
262,353
263,356
264,353
265,353
266,353
267,350
268,353
269,353
270,353
271,353
272,357
273,353
274,363
275,356
276,356
277,353
278,350
279,353
280,350
281,350
282,357
283,356
284,349
285,353
286,356
287,350
288,350
289,357
290,359
291,349
292,350
293,350
294,357
295,353
296,353
297,356
298,350
299,353
300,360
301,350
302,360
303,353
304,356
305,353
306,350
307,353
308,356
309,353
310,350
311,356
312,359
313,350
314,360
315,356
316,354
317,353
318,353
319,350
320,353
321,353
322,356
323,357
324,353
325,353
326,353
327,356
328,357
329,356
330,353
331,353
332,353
333,353
334,354
335,357
336,357
337,354
338,349
339,353
340,357
341,350
342,353
343,353
344,353
345,353
346,356
347,353
348,350
349,356
350,360
351,350
352,359
353,353
354,357
355,353
356,356
357,357
358,353
359,357
360,353
361,353
362,359
363,357
364,350
365,353
366,353
367,356
368,357
369,357
370,359
371,353
372,347
373,349
374,357
375,349
376,353
377,357
378,353
379,350
380,353
381,353
382,359
383,353
384,353
385,360
386,353
387,349
388,353
389,357
390,360
391,357
392,350
393,353
394,353
395,353
396,353
397,360
398,353
399,353
400,353
401,353
402,353
403,349
404,354
405,357
406,356
407,350
408,360
409,353
410,353
411,353
412,357
413,357
414,357
415,357
416,353
417,353
418,353
419,353
420,353
421,353
422,350
423,356
424,353
425,353
426,363
427,356
428,350
429,353
430,350
431,349
432,353
433,356
434,353
435,357
436,356
437,350
438,356
439,353
440,353
441,360
442,356
443,353
444,356
445,353
446,356
447,350
448,349
449,353
450,353
451,356
452,356
453,353
454,353
455,353
456,353
457,356
458,353
459,353
460,350
461,356
462,357
463,353
464,356
465,356
466,350
467,350
468,363
469,354
470,360
471,353
472,357
473,360
474,356
475,359
476,357
477,356
478,353
479,353
480,356
481,363
482,356
483,356
484,353
485,350
486,357
487,353
488,357
489,353
490,353
491,353
492,353
493,353
494,353
495,359
496,356
497,353
498,349
499,356
500,357
501,353
502,353
503,356
504,353
505,357
506,353
507,357
508,353
509,359
510,353
511,353
512,356
513,357
514,356
515,353
516,357
517,360
518,356
519,356
520,360
521,350
522,357
523,356
524,959
525,353
526,350
527,353
528,349
529,353
530,356
531,350
532,349
533,356
534,350
535,353
536,350
537,356
538,350
539,353
540,353
541,353
542,349
543,357
544,350
545,357
546,353
547,349
548,350
549,350
550,349
551,353
552,353
553,353
554,353
555,353
556,353
557,350
558,357
559,353
560,353
561,350
562,353
563,354
564,349
565,353
566,350
567,353
568,353
569,350
570,353
571,353
572,360
573,353
574,353
575,350
576,349
577,356
578,350
579,360
580,357
581,357
582,356
583,349
584,353
585,353
586,353
587,353
588,353
589,353
590,350
591,353
592,356
593,353
594,353
595,350
596,350
597,353
598,353
599,353
600,350
601,353
602,360
603,353
604,356
605,350
606,349
607,353
608,353
609,353
610,353
611,350
612,353
613,353
614,356
615,359
616,349
617,347
618,357
619,349
620,360
621,353
622,353
623,350
624,353
625,359
626,354
627,353
628,353
629,353
630,353
631,356
632,354
633,357
634,349
635,350
636,356
637,350
638,353
639,356
640,349
641,350
642,356
643,353
644,350
645,350
646,350
647,349
648,356
649,356
650,353
651,357
652,353
653,356
654,353
655,357
656,353
657,357
658,353
659,360
660,356
661,354
662,356
663,353
664,356
665,356
666,353
667,353
668,360
669,357
670,350
671,356
672,353
673,353
674,353
675,350
676,353
677,356
678,356
679,353
680,353
681,353
682,363
683,350
684,350
685,353
686,349
687,353
688,360
689,353
690,353
691,1089
692,353
693,359
694,350
695,353
696,353
697,353
698,349
699,357
700,356
701,349
702,353
703,353
704,350
705,353
706,360
707,353
708,354
709,356
710,353
711,350
712,353
713,349
714,353
715,356
716,349
717,350
718,353
719,353
720,350
721,353
722,353
723,353
724,350
725,350
726,357
727,353
728,353
729,357
730,353
731,356
732,357
733,350
734,353
735,353
736,356
737,353
738,353
739,353
740,357
741,359
742,356
743,350
744,349
745,353
746,356
747,350
748,353
749,356
750,353
751,350
752,353
753,353
754,349
755,357
756,353
757,353
758,356
759,353
760,353
761,353
762,349
763,353
764,353
765,353
766,356
767,353
768,349
769,353
770,353
771,350
772,353
773,353
774,353
775,360
776,350
777,349
778,353
779,349
780,353
781,353
782,353
783,350
784,350
785,356
786,350
787,360
788,350
789,350
790,357
791,356
792,353
793,356
794,353
795,350
796,350
797,349
798,353
799,353
800,357
801,360
802,353
803,350
804,353
805,360
806,353
807,353
808,353
809,357
810,353
811,356
812,350
813,350
814,357
815,353
816,353
817,353
818,357
819,353
820,353
821,353
822,350
823,356
824,353
825,357
826,356
827,350
828,353
829,350
830,353
831,350
832,353
833,350
834,353
835,350
836,350
837,356
838,357
839,353
840,353
841,353
842,353
843,353
844,353
845,350
846,349
847,356
848,356
849,350
850,349
851,350
852,359
853,359
854,359
855,356
856,350
857,353
858,360
859,357
860,349
861,353
862,353
863,349
864,360
865,349
866,353
867,353
868,354
869,353
870,356
871,356
872,353
873,357
874,349
875,356
876,353
877,356
878,350
879,353
880,356
881,353
882,353
883,357
884,353
885,353
886,360
887,356
888,357
889,359
890,353
891,349
892,356
893,356
894,353
895,353
896,349
897,350
898,357
899,353
900,350
901,353
902,356
903,353
904,349
905,353
906,353
907,353
908,353
909,353
910,353
911,360
912,360
913,353
914,353
915,353
916,350
917,356
918,357
919,353
920,350
921,353
922,349
923,356
924,350
925,353
926,356
927,353
928,353
929,350
930,359
931,359
932,353
933,350
934,350
935,356
936,353
937,353
938,353
939,353
940,350
941,353
942,353
943,349
944,353
945,349
946,357
947,353
948,356
949,357
950,353
951,356
952,350
953,356
954,360
955,357
956,356
957,360
958,359
959,353
960,356
961,350
962,357
963,350
964,353
965,353
966,350
967,353
968,359
969,350
970,353
971,353
972,353
973,350
974,350
975,353
976,360
977,357
978,353
979,353
980,360
981,353
982,353
983,353
984,350
985,359
986,350
987,353
988,353
989,353
990,353
991,356
992,353
993,356
994,356
995,353
996,353
997,357
998,356
999,353
1000,353
1001,353
1002,356
1003,349
1004,356
1005,356
1006,353
1007,354
1008,350
1009,353
1010,357
1011,350
1012,359
1013,353
1014,357
1015,357
1016,356
1017,350
1018,353
1019,356
1020,353
1021,353
1022,353
1023,353
1024,353
1025,353
1026,349
1027,353
1028,350
1029,357
1030,350
1031,350
1032,653
1033,357
1034,350
1035,356
1036,350
1037,353
1038,353
1039,353
1040,353
1041,353
1042,353
1043,356
1044,356
1045,353
1046,360
1047,356
1048,353
1049,353
1050,350
1051,353
1052,353
1053,353
1054,353
1055,357
1056,353
1057,349
1058,357
1059,353
1060,353
1061,353
1062,356
1063,353
1064,356
1065,349
1066,353
1067,360
1068,350
1069,349
1070,353
1071,353
1072,360
1073,353
1074,353
1075,353
1076,356
1077,350
1078,356
1079,357
1080,357
1081,360
1082,353
1083,353
1084,349
1085,353
1086,353
1087,350
1088,356
1089,353
1090,359
1091,356
1092,353
1093,356
1094,353
1095,353
1096,353
1097,357
1098,353
1099,356
1100,353
1101,353
1102,353
1103,356
1104,353
1105,357
1106,350
1107,349
1108,354
1109,357
1110,353
1111,356
1112,353
1113,353
1114,350
1115,359
1116,350
1117,360
1118,353
1119,353
1120,354
1121,353
1122,353
1123,356
1124,353
1125,357
1126,349
1127,350
1128,357
1129,353
1130,353
1131,350
1132,350
1133,353
1134,353
1135,359
1136,350
1137,353
1138,353
1139,350
1140,353
1141,353
1142,353
1143,353
1144,353
1145,353
1146,349
1147,353
1148,356
1149,360
1150,353
1151,353
1152,353
1153,350
1154,353
1155,353
1156,353
1157,349
1158,360
1159,353
1160,353
1161,353
1162,360
1163,350
1164,353
1165,350
1166,356
1167,350
1168,353
1169,353
1170,353
1171,353
1172,353
1173,356
1174,357
1175,356
1176,350
1177,349
1178,356
1179,353
1180,356
1181,360
1182,353
1183,356
1184,353
1185,360
1186,353
1187,356
1188,353
1189,353
1190,353
1191,357
1192,349
1193,353
1194,350
1195,357
1196,353
1197,353
1198,360
1199,353
1200,353
1201,359
1202,353
1203,353
1204,353
1205,360
1206,353
1207,353
1208,357
1209,353
1210,353
1211,353
1212,353
1213,353
1214,354
1215,353
1216,356
1217,350
1218,357
1219,360
1220,354
1221,353
1222,353
1223,353
1224,350
1225,353
1226,363
1227,353
1228,346
1229,353
1230,349
1231,353
1232,350
1233,356
1234,356
1235,353
1236,349
1237,353
1238,356
1239,360
1240,356
1241,350
1242,353
1243,353
1244,356
1245,353
1246,353
1247,357
1248,356
1249,360
1250,350
1251,353
1252,353
1253,353
1254,353
1255,353
1256,349
1257,356
1258,357
1259,350
1260,349
1261,350
1262,353
1263,353
1264,356
1265,353
1266,353
1267,353
1268,350
1269,356
1270,353
1271,353
1272,353
1273,353
1274,353
1275,353
1276,360
1277,353
1278,350
1279,356
1280,353
1281,353
1282,350
1283,357
1284,349
1285,350
1286,357
1287,353
1288,349
1289,353
1290,353
1291,356
1292,356
1293,353
1294,363
1295,360
1296,350
1297,356
1298,356
1299,354
1300,353
1301,353
1302,353
1303,360
1304,353
1305,353
1306,353
1307,360
1308,356
1309,357
1310,353
1311,354
1312,356
1313,349
1314,359
1315,353
1316,353
1317,353
1318,353
1319,349
1320,353
1321,353
1322,357
1323,353
1324,353
1325,353
1326,356
1327,350
1328,357
1329,353
1330,353
1331,357
1332,349
1333,356
1334,357
1335,363
1336,356
1337,353
1338,353
1339,353
1340,353
1341,353
1342,353
1343,360
1344,353
1345,356
1346,356
1347,360
1348,356
1349,350
1350,350
1351,353
1352,350
1353,353
1354,353
1355,356
1356,356
1357,359
1358,350
1359,357
1360,357
1361,353
1362,353
1363,356
1364,353
1365,353
1366,353
1367,353
1368,357
1369,357
1370,349
1371,350
1372,356
1373,353
1374,353
1375,353
1376,349
1377,356
1378,356
1379,356
1380,356
1381,357
1382,350
1383,353
1384,356
1385,357
1386,356
1387,353
1388,356
1389,349
1390,357
1391,353
1392,353
1393,357
1394,353
1395,353
1396,354
1397,350
1398,360
1399,360
1400,356
1401,357
1402,356
1403,357
1404,356
1405,353
1406,357
1407,349
1408,356
1409,350
1410,353
1411,353
1412,356
1413,353
1414,353
1415,356
1416,356
1417,360
1418,353
1419,354
1420,353
1421,357
1422,356
1423,357
1424,357
1425,360
1426,353
1427,356
1428,353
1429,349
1430,360
1431,353
1432,353
1433,350
1434,357
1435,357
1436,350
1437,356
1438,353
1439,353
1440,353
1441,353
1442,353
1443,349
1444,353
1445,353
1446,353
1447,356
1448,349
1449,356
1450,353
1451,357
1452,353
1453,353
1454,357
1455,353
1456,360
1457,357
1458,353
1459,353
1460,350
1461,360
1462,353
1463,353
1464,353
1465,353
1466,350
1467,349
1468,356
1469,353
1470,350
1471,353
1472,350
1473,353
1474,353
1475,354
1476,353
1477,353
1478,353
1479,353
1480,353
1481,354
1482,357
1483,353
1484,353
1485,350
1486,349
1487,397
1488,357
1489,353
1490,354
1491,359
1492,353
1493,363
1494,356
1495,353
1496,349
1497,353
1498,353
1499,356
1500,353
1501,353
1502,353
1503,356
1504,350
1505,360
1506,349
1507,356
1508,357
1509,356
1510,353
1511,356
1512,357
1513,350
1514,353
1515,356
1516,354
1517,357
1518,350
1519,360
1520,353
1521,350
1522,360
1523,356
1524,360
1525,353
1526,353
1527,350
1528,353
1529,359
1530,356
1531,349
1532,353
1533,353
1534,357
1535,353
1536,350
1537,349
1538,353
1539,353
1540,353
1541,353
1542,349
1543,353
1544,353
1545,350
1546,349
1547,350
1548,353
1549,357
1550,349
1551,356
1552,356
1553,350
1554,353
1555,356
1556,353
1557,353
1558,357
1559,356
1560,353
1561,353
1562,353
1563,350
1564,353
1565,353
1566,350
1567,349
1568,353
1569,353
1570,353
1571,356
1572,353
1573,353
1574,353
1575,353
1576,353
1577,350
1578,353
1579,353
1580,350
1581,356
1582,360
1583,353
1584,356
1585,353
1586,353
1587,357
1588,357
1589,359
1590,354
1591,353
1592,353
1593,354
1594,349
1595,353
1596,353
1597,353
1598,350
1599,353
1600,353
1601,353
1602,350
1603,356
1604,357
1605,350
1606,356
1607,353
1608,353
1609,356
1610,356
1611,356
1612,350
1613,356
1614,350
1615,356
1616,353
1617,353
1618,353
1619,353
1620,350
1621,353
1622,353
1623,356
1624,353
1625,356
1626,353
1627,360
1628,353
1629,356
1630,353
1631,359
1632,356
1633,350
1634,353
1635,360
1636,360
1637,356
1638,353
1639,353
1640,356
1641,353
1642,353
1643,349
1644,350
1645,353
1646,353
1647,357
1648,360
1649,353
1650,350
1651,356
1652,363
1653,353
1654,356
1655,353
1656,353
1657,353
1658,349
1659,353
1660,353
1661,353
1662,353
1663,353
1664,353
1665,360
1666,350
1667,359
1668,353
1669,360
1670,360
1671,356
1672,359
1673,360
1674,360
1675,353
1676,356
1677,353
1678,353
1679,353
1680,357
1681,353
1682,353
1683,350
1684,353
1685,360
1686,353
1687,357
1688,353
1689,356
1690,349
1691,350
1692,350
1693,350
1694,353
1695,353
1696,360
1697,353
1698,356
1699,353
1700,360
1701,353
1702,350
1703,353
1704,353
1705,350
1706,349
1707,350
1708,349
1709,349
1710,356
1711,353
1712,357
1713,354
1714,357
1715,357
1716,350
1717,353
1718,353
1719,353
1720,350
1721,356
1722,363
1723,350
1724,353
1725,353
1726,353
1727,350
1728,356
1729,356
1730,359
1731,360
1732,353
1733,356
1734,350
1735,356
1736,356
1737,350
1738,353
1739,359
1740,353
1741,353
1742,353
1743,353
1744,349
1745,357
1746,356
1747,353
1748,353
1749,350
1750,353
1751,356
1752,353
1753,353
1754,360
1755,349
1756,359
1757,357
1758,357
1759,350
1760,350
1761,353
1762,350
1763,357
1764,350
1765,353
1766,353
1767,353
1768,353
1769,353
1770,350
1771,357
1772,350
1773,357
1774,350
1775,353
1776,346
1777,353
1778,353
1779,350
1780,350
1781,353
1782,350
1783,356
1784,356
1785,356
1786,350
1787,353
1788,357
1789,356
1790,356
1791,350
1792,353
1793,356
1794,353
1795,357
1796,350
1797,353
1798,360
1799,353
1800,349
1801,350
1802,353
1803,349
1804,350
1805,350
1806,353
1807,363
1808,356
1809,353
1810,350
1811,359
1812,353
1813,350
1814,353
1815,350
1816,353
1817,350
1818,353
1819,357
1820,360
1821,350
1822,356
1823,353
1824,353
1825,350
1826,353
1827,356
1828,353
1829,356
1830,359
1831,353
1832,353
1833,360
1834,353
1835,357
1836,346
1837,353
1838,353
1839,356
1840,350
1841,360
1842,360
1843,353
1844,356
1845,353
1846,353
1847,353
1848,353
1849,353
1850,353
1851,356
1852,353
1853,357
1854,353
1855,359
1856,353
1857,357
1858,357
1859,356
1860,350
1861,353
1862,353
1863,356
1864,353
1865,353
1866,357
1867,346
1868,353
1869,353
1870,353
1871,356
1872,356
1873,353
1874,349
1875,357
1876,353
1877,353
1878,353
1879,350
1880,356
1881,353
1882,353
1883,353
1884,350
1885,356
1886,353
1887,350
1888,356
1889,357
1890,356
1891,356
1892,360
1893,353
1894,353
1895,353
1896,353
1897,350
1898,353
1899,359
1900,356
1901,353
1902,350
1903,350
1904,356
1905,353
1906,350
1907,360
1908,353
1909,350
1910,360
1911,359
1912,357
1913,353
1914,357
1915,356
1916,356
1917,353
1918,350
1919,357
1920,349
1921,353
1922,357
1923,360
1924,353
1925,357
1926,349
1927,363
1928,350
1929,353
1930,349
1931,353
1932,353
1933,353
1934,360
1935,353
1936,360
1937,353
1938,353
1939,353
1940,356
1941,353
1942,383
1943,349
1944,356
1945,349
1946,356
1947,356
1948,353
1949,356
1950,359
1951,349
1952,353
1953,353
1954,349
1955,356
1956,354
1957,350
1958,353
1959,356
1960,360
1961,356
1962,360
1963,353
1964,353
1965,353
1966,350
1967,353
1968,356
1969,349
1970,357
1971,349
1972,357
1973,353
1974,350
1975,350
1976,353
1977,350
1978,356
1979,353
1980,356
1981,356
1982,356
1983,357
1984,356
1985,353
1986,353
1987,353
1988,357
1989,353
1990,356
1991,356
1992,353
1993,353
1994,350
1995,356
1996,356
1997,353
1998,356
1999,356
2000,353
2001,356
2002,353
2003,353
2004,353
2005,353
2006,356
2007,353
2008,353
2009,353
2010,350
2011,350
2012,350
2013,353
2014,353
2015,350
2016,350
2017,353
2018,357
2019,353
2020,357
2021,353
2022,353
2023,353
2024,350
2025,353
2026,360
2027,353
2028,350
2029,353
2030,350
2031,357
2032,350
2033,353
2034,356
2035,349
2036,350
2037,353
2038,353
2039,353
2040,353
2041,356
2042,353
2043,350
2044,350
2045,359
2046,359
2047,356
2048,350
2049,353
2050,353
2051,356
2052,353
2053,353
2054,350
2055,350
2056,356
2057,353
2058,353
2059,356
2060,349
2061,353
2062,353
2063,356
2064,353
2065,353
2066,353
2067,353
2068,347
2069,350
2070,350
2071,360
2072,353
2073,350
2074,356
2075,357
2076,356
2077,360
2078,357
2079,359
2080,357
2081,357
2082,360
2083,357
2084,353
2085,360
2086,357
2087,353
2088,350
2089,353
2090,360
2091,356
2092,360
2093,350
2094,363
2095,350
2096,360
2097,353
2098,356
2099,354
2100,360
2101,353
2102,354
2103,350
2104,349
2105,353
2106,353
2107,349
2108,353
2109,353
2110,353
2111,350
2112,353
2113,353
2114,353
2115,356
2116,353
2117,354
2118,353
2119,353
2120,350
2121,356
2122,350
2123,353
2124,356
2125,353
2126,353
2127,353
2128,356
2129,356
2130,349
2131,360
2132,360
2133,356
2134,357
2135,353
2136,356
2137,353
2138,353
2139,353
2140,350
2141,350
2142,353
2143,350
2144,353
2145,353
2146,353
2147,353
2148,353
2149,356
2150,353
2151,349
2152,360
2153,349
2154,356
2155,356
2156,350
2157,353
2158,353
2159,356
2160,356
2161,356
2162,353
2163,350
2164,356
2165,356
2166,353
2167,356
2168,353
2169,356
2170,356
2171,350
2172,353
2173,353
2174,356
2175,353
2176,346
2177,357
2178,349
2179,353
2180,353
2181,357
2182,356
2183,353
2184,353
2185,353
2186,353
2187,349
2188,353
2189,353
2190,346
2191,353
2192,353
2193,346
2194,360
2195,350
2196,353
2197,353
2198,350
2199,357
2200,353
2201,350
2202,356
2203,356
2204,353
2205,357
2206,350
2207,356
2208,353
2209,350
2210,356
2211,353
2212,353
2213,353
2214,350
2215,353
2216,353
2217,353
2218,353
2219,353
2220,350
2221,353
2222,350
2223,360
2224,350
2225,353
2226,356
2227,353
2228,353
2229,353
2230,356
2231,360
2232,353
2233,353
2234,353
2235,353
2236,349
2237,356
2238,353
2239,350
2240,353
2241,356
2242,350
2243,353
2244,350
2245,353
2246,353
2247,353
2248,350
2249,353
2250,353
2251,353
2252,353
2253,353
2254,353
2255,350
2256,350
2257,353
2258,350
2259,353
2260,353
2261,353
2262,357
2263,350
2264,357
2265,360
2266,350
2267,350
2268,350
2269,350
2270,353
2271,350
2272,346
2273,350
2274,353
2275,356
2276,360
2277,356
2278,353
2279,350
2280,357
2281,353
2282,363
2283,356
2284,353
2285,353
2286,353
2287,356
2288,353
2289,353
2290,350
2291,350
2292,353
2293,350
2294,353
2295,353
2296,356
2297,360
2298,353
2299,360
2300,349
2301,350
2302,356
2303,353
2304,356
2305,353
2306,356
2307,353
2308,349
2309,353
2310,350
2311,353
2312,353
2313,356
2314,353
2315,350
2316,350
2317,353
2318,353
2319,356
2320,353
2321,349
2322,353
2323,353
2324,353
2325,353
2326,350
2327,353
2328,353
2329,356
2330,349
2331,353
2332,353
2333,350
2334,356
2335,350
2336,349
2337,350
2338,353
2339,353
2340,350
2341,350
2342,354
2343,353
2344,350
2345,357
2346,357
2347,353
2348,356
2349,350
2350,353
2351,356
2352,357
2353,353
2354,346
2355,349
2356,353
2357,350
2358,357
2359,356
2360,353
2361,350
2362,350
2363,356
2364,350
2365,353
2366,350
2367,353
2368,356
2369,359
2370,353
2371,356
2372,353
2373,356
2374,353
2375,350
2376,360
2377,353
2378,353
2379,349
2380,356
2381,353
2382,357
2383,353
2384,350
2385,349
2386,350
2387,353
2388,356
2389,360
2390,353
2391,356
2392,353
2393,350
2394,353
2395,353
2396,353
2397,356
2398,612
2399,353
2400,359
2401,353
2402,350
2403,353
2404,353
2405,360
2406,353
2407,353
2408,350
2409,359
2410,357
2411,353
2412,356
2413,353
2414,357
2415,356
2416,353
2417,349
2418,356
2419,353
2420,356
2421,353
2422,353
2423,353
2424,350
2425,350
2426,360
2427,353
2428,349
2429,350
2430,354
2431,353
2432,353
2433,353
2434,357
2435,353
2436,357
2437,349
2438,356
2439,350
2440,350
2441,356
2442,359
2443,357
2444,350
2445,353
2446,353
2447,353
2448,354
2449,349
2450,353
2451,356
2452,353
2453,360
2454,353
2455,360
2456,363
2457,350
2458,350
2459,353
2460,354
2461,357
2462,353
2463,356
2464,356
2465,349
2466,363
2467,350
2468,353
2469,350
2470,353
2471,353
2472,353
2473,356
2474,353
2475,353
2476,350
2477,353
2478,357
2479,353
2480,353
2481,353
2482,353
2483,349
2484,353
2485,350
2486,350
2487,353
2488,353
2489,356
2490,350
2491,353
2492,357
2493,356
2494,360
2495,363
2496,353
2497,353
2498,350
2499,353
2500,353
2501,356
2502,353
2503,353
2504,353
2505,353
2506,350
2507,359
2508,350
2509,353
2510,353
2511,350
2512,356
2513,353
2514,353
2515,353
2516,353
2517,353
2518,353
2519,353
2520,353
2521,353
2522,353
2523,363
2524,353
2525,353
2526,353
2527,353
2528,353
2529,356
2530,353
2531,353
2532,353
2533,360
2534,354
2535,349
2536,353
2537,359
2538,353
2539,356
2540,357
2541,353
2542,349
2543,353
2544,353
2545,360
2546,353
2547,363
2548,356
2549,353
2550,353
2551,353
2552,353
2553,356
2554,356
2555,353
2556,350
2557,353
2558,353
2559,353
2560,356
2561,353
2562,353
2563,353
2564,353
2565,353
2566,356
2567,353
2568,356
2569,353
2570,347
2571,353
2572,360
2573,360
2574,349
2575,350
2576,353
2577,357
2578,356
2579,354
2580,353
2581,353
2582,356
2583,359
2584,353
2585,353
2586,353
2587,350
2588,359
2589,353
2590,353
2591,350
2592,356
2593,360
2594,350
2595,357
2596,353
2597,353
2598,356
2599,353
2600,353
2601,353
2602,353
2603,356
2604,353
2605,353
2606,350
2607,353
2608,353
2609,356
2610,357
2611,350
2612,356
2613,353
2614,350
2615,353
2616,353
2617,356
2618,356
2619,353
2620,353
2621,353
2622,349
2623,360
2624,350
2625,353
2626,350
2627,349
2628,346
2629,353
2630,360
2631,353
2632,360
2633,349
2634,356
2635,360
2636,353
2637,359
2638,350
2639,353
2640,350
2641,353
2642,353
2643,350
2644,353
2645,350
2646,350
2647,353
2648,349
2649,356
2650,353
2651,353
2652,353
2653,349
2654,353
2655,350
2656,360
2657,356
2658,353
2659,353
2660,350
2661,363
2662,353
2663,356
2664,356
2665,353
2666,353
2667,353
2668,350
2669,350
2670,350
2671,356
2672,353
2673,353
2674,353
2675,350
2676,353
2677,360
2678,353
2679,353
2680,353
2681,357
2682,353
2683,353
2684,354
2685,353
2686,353
2687,353
2688,356
2689,353
2690,360
2691,356
2692,350
2693,356
2694,356
2695,353
2696,357
2697,357
2698,349
2699,353
2700,356
2701,353
2702,354
2703,353
2704,349
2705,357
2706,356
2707,350
2708,360
2709,357
2710,353
2711,350
2712,353
2713,353
2714,353
2715,353
2716,349
2717,353
2718,360
2719,353
2720,357
2721,350
2722,353
2723,354
2724,353
2725,363
2726,353
2727,349
2728,353
2729,357
2730,353
2731,353
2732,349
2733,353
2734,349
2735,350
2736,353
2737,360
2738,353
2739,353
2740,353
2741,356
2742,356
2743,353
2744,353
2745,356
2746,350
2747,356
2748,356
2749,353
2750,356
2751,353
2752,356
2753,353
2754,349
2755,353
2756,350
2757,353
2758,357
2759,357
2760,353
2761,360
2762,357
2763,353
2764,357
2765,353
2766,353
2767,353
2768,357
2769,356
2770,350
2771,356
2772,353
2773,357
2774,349
2775,350
2776,349
2777,353
2778,359
2779,357
2780,360
2781,350
2782,356
2783,349
2784,350
2785,356
2786,353
2787,353
2788,353
2789,357
2790,353
2791,349
2792,353
2793,353
2794,353
2795,356
2796,353
2797,350
2798,356
2799,552
2800,356
2801,357
2802,353
2803,353
2804,353
2805,356
2806,359
2807,353
2808,353
2809,356
2810,356
2811,356
2812,350
2813,353
2814,357
2815,356
2816,350
2817,353
2818,349
2819,353
2820,357
2821,353
2822,350
2823,353
2824,354
2825,357
2826,353
2827,353
2828,357
2829,360
2830,357
2831,353
2832,353
2833,350
2834,350
2835,360
2836,350
2837,356
2838,353
2839,357
2840,356
2841,349
2842,353
2843,353
2844,353
2845,356
2846,353
2847,353
2848,354
2849,357
2850,350
2851,353
2852,353
2853,386
2854,353
2855,353
2856,356
2857,350
2858,350
2859,353
2860,357
2861,357
2862,349
2863,353
2864,357
2865,350
2866,353
2867,350
2868,350
2869,353
2870,353
2871,350
2872,357
2873,353
2874,350
2875,357
2876,356
2877,353
2878,350
2879,353
2880,353
2881,353
2882,356
2883,349
2884,356
2885,349
2886,353
2887,350
2888,349
2889,349
2890,353
2891,360
2892,346
2893,349
2894,349
2895,353
2896,356
2897,353
2898,357
2899,353
2900,353
2901,349
2902,357
2903,357
2904,356
2905,356
2906,353
2907,353
2908,363
2909,360
2910,357
2911,360
2912,353
2913,353
2914,353
2915,350
2916,353
2917,350
2918,353
2919,353
2920,360
2921,353
2922,353
2923,353
2924,356
2925,353
2926,353
2927,353
2928,356
2929,349
2930,360
2931,353
2932,350
2933,357
2934,349
2935,360
2936,353
2937,350
2938,353
2939,356
2940,356
2941,353
2942,353
2943,360
2944,354
2945,360
2946,356
2947,354
2948,356
2949,357
2950,354
2951,357
2952,350
2953,353
2954,350
2955,349
2956,350
2957,353
2958,353
2959,353
2960,350
2961,353
2962,350
2963,353
2964,356
2965,360
2966,350
2967,360
2968,353
2969,350
2970,353
2971,356
2972,363
2973,356
2974,350
2975,353
2976,353
2977,357
2978,353
2979,360
2980,357
2981,353
2982,353
2983,353
2984,349
2985,353
2986,356
2987,353
2988,360
2989,356
2990,359
2991,353
2992,350
2993,353
2994,353
2995,353
2996,350
2997,353
2998,350
2999,356
3000,353
3001,349
3002,353
3003,353
3004,356
3005,349
3006,353
3007,353
3008,349
3009,356
3010,356
3011,350
3012,357
3013,350
3014,357
3015,349
3016,357
3017,353
3018,350
3019,360
3020,356
3021,353
3022,356
3023,353
3024,353
3025,350
3026,350
3027,353
3028,357
3029,353
3030,353
3031,353
3032,349
3033,353
3034,353
3035,350
3036,356
3037,350
3038,356
3039,356
3040,350
3041,353
3042,353
3043,350
3044,359
3045,353
3046,350
3047,353
3048,353
3049,353
3050,356
3051,353
3052,350
3053,350
3054,357
3055,349
3056,350
3057,359
3058,356
3059,353
3060,356
3061,353
3062,350
3063,353
3064,353
3065,350
3066,356
3067,360
3068,349
3069,350
3070,350
3071,359
3072,353
3073,349
3074,353
3075,350
3076,356
3077,359
3078,353
3079,353
3080,353
3081,349
3082,353
3083,347
3084,350
3085,350
3086,350
3087,356
3088,359
3089,353
3090,353
3091,347
3092,349
3093,356
3094,353
3095,349
3096,350
3097,359
3098,353
3099,356
3100,353
3101,353
3102,349
3103,353
3104,356
3105,353
3106,350
3107,349
3108,353
3109,357
3110,357
3111,353
3112,350
3113,356
3114,353
3115,353
3116,353
3117,353
3118,350
3119,356
3120,350
3121,353
3122,357
3123,350
3124,356
3125,350
3126,353
3127,353
3128,353
3129,353
3130,357
3131,353
3132,357
3133,350
3134,353
3135,350
3136,353
3137,353
3138,350
3139,350
3140,353
3141,353
3142,360
3143,360
3144,353
3145,350
3146,353
3147,353
3148,356
3149,356
3150,349
3151,353
3152,356
3153,353
3154,357
3155,353
3156,349
3157,350
3158,353
3159,349
3160,357
3161,357
3162,349
3163,353
3164,350
3165,350
3166,354
3167,357
3168,353
3169,356
3170,353
3171,353
3172,350
3173,353
3174,353
3175,353
3176,359
3177,353
3178,353
3179,353
3180,350
3181,350
3182,353
3183,357
3184,356
3185,357
3186,350
3187,353
3188,353
3189,349
3190,350
3191,353
3192,353
3193,350
3194,356
3195,353
3196,353
3197,353
3198,353
3199,353
3200,350
3201,349
3202,353
3203,353
3204,350
3205,350
3206,353
3207,353
3208,350
3209,353
3210,353
3211,353
3212,356
3213,349
3214,350
3215,353
3216,350
3217,349
3218,350
3219,353
3220,353
3221,356
3222,353
3223,350
3224,356
3225,353
3226,349
3227,353
3228,360
3229,356
3230,356
3231,353
3232,353
3233,353
3234,350
3235,349
3236,360
3237,353
3238,357
3239,357
3240,353
3241,356
3242,353
3243,349
3244,353
3245,360
3246,353
3247,349
3248,353
3249,353
3250,357
3251,356
3252,353
3253,350
3254,350
3255,353
3256,353
3257,353
3258,357
3259,353
3260,357
3261,353
3262,353
3263,353
3264,356
3265,349
3266,350
3267,353
3268,356
3269,353
3270,353
3271,357
3272,349
3273,350
3274,350
3275,353
3276,350
3277,353
3278,353
3279,350
3280,353
3281,359
3282,356
3283,353
3284,353
3285,353
3286,350
3287,353
3288,353
3289,353
3290,353
3291,349
3292,349
3293,353
3294,350
3295,357
3296,353
3297,353
3298,353
3299,357
3300,356
3301,349
3302,353
3303,350
3304,349
3305,359
3306,357
3307,353
3308,563
3309,350
3310,353
3311,357
3312,357
3313,353
3314,350
3315,353
3316,360
3317,349
3318,353
3319,350
3320,356
3321,353
3322,350
3323,356
3324,353
3325,349
3326,350
3327,353
3328,357
3329,356
3330,353
3331,353
3332,353
3333,354
3334,353
3335,356
3336,353
3337,353
3338,353
3339,354
3340,353
3341,350
3342,354
3343,350
3344,356
3345,354
3346,353
3347,353
3348,350
3349,353
3350,353
3351,353
3352,357
3353,360
3354,359
3355,357
3356,353
3357,356
3358,349
3359,359
3360,353
3361,363
3362,357
3363,357
3364,353
3365,353
3366,357
3367,363
3368,353
3369,356
3370,353
3371,357
3372,356
3373,353
3374,353
3375,360
3376,357
3377,356
3378,350
3379,356
3380,353
3381,353
3382,353
3383,357
3384,350
3385,353
3386,359
3387,353
3388,356
3389,349
3390,353
3391,357
3392,353
3393,356
3394,353
3395,356
3396,356
3397,356
3398,349
3399,353
3400,359
3401,353
3402,353
3403,349
3404,349
3405,353
3406,353
3407,359
3408,353
3409,356
3410,350
3411,359
3412,346
3413,350
3414,349
3415,350
3416,353
3417,356
3418,353
3419,354
3420,349
3421,356
3422,360
3423,356
3424,357
3425,347
3426,356
3427,353
3428,356
3429,349
3430,353
3431,353
3432,359
3433,353
3434,360
3435,353
3436,353
3437,356
3438,353
3439,353
3440,356
3441,353
3442,353
3443,353
3444,353
3445,353
3446,353
3447,353
3448,353
3449,353
3450,357
3451,350
3452,353
3453,357
3454,354
3455,356
3456,350
3457,353
3458,356
3459,353
3460,357
3461,353
3462,350
3463,350
3464,353
3465,353
3466,356
3467,359
3468,359
3469,353
3470,356
3471,353
3472,350
3473,360
3474,360
3475,363
3476,353
3477,353
3478,349
3479,353
3480,353
3481,353
3482,353
3483,357
3484,353
3485,356
3486,353
3487,349
3488,353
3489,356
3490,350
3491,349
3492,353
3493,353
3494,353
3495,350
3496,353
3497,356
3498,353
3499,350
3500,353
3501,353
3502,353
3503,349
3504,354
3505,356
3506,356
3507,353
3508,356
3509,360
3510,357
3511,356
3512,353
3513,353
3514,353
3515,360
3516,353
3517,363
3518,353
3519,353
3520,357
3521,356
3522,353
3523,353
3524,354
3525,353
3526,357
3527,360
3528,356
3529,356
3530,350
3531,360
3532,353
3533,353
3534,349
3535,353
3536,350
3537,363
3538,350
3539,350
3540,346
3541,357
3542,356
3543,353
3544,353
3545,360
3546,356
3547,353
3548,356
3549,353
3550,349
3551,350
3552,353
3553,357
3554,350
3555,350
3556,350
3557,353
3558,353
3559,353
3560,356
3561,350
3562,353
3563,353
3564,353
3565,353
3566,356
3567,350
3568,353
3569,353
3570,353
3571,357
3572,359
3573,359
3574,353
3575,353
3576,356
3577,350
3578,360
3579,356
3580,353
3581,356
3582,357
3583,349
3584,353
3585,349
3586,357
3587,357
3588,353
3589,353
3590,353
3591,357
3592,353
3593,350
3594,359
3595,353
3596,357
3597,356
3598,353
3599,353
3600,349
3601,357
3602,353
3603,353
3604,350
3605,357
3606,353
3607,353
3608,349
3609,353
3610,353
3611,353
3612,353
3613,350
3614,353
3615,357
3616,350
3617,353
3618,353
3619,356
3620,357
3621,360
3622,353
3623,350
3624,350
3625,350
3626,353
3627,353
3628,350
3629,360
3630,350
3631,356
3632,360
3633,350
3634,356
3635,359
3636,356
3637,350
3638,349
3639,350
3640,359
3641,353
3642,356
3643,356
3644,349
3645,353
3646,353
3647,356
3648,353
3649,353
3650,353
3651,357
3652,356
3653,350
3654,353
3655,350
3656,353
3657,353
3658,353
3659,357
3660,353
3661,360
3662,353
3663,353
3664,353
3665,350
3666,357
3667,353
3668,353
3669,359
3670,349
3671,356
3672,353
3673,353
3674,360
3675,356
3676,353
3677,353
3678,353
3679,360
3680,359
3681,349
3682,356
3683,353
3684,350
3685,354
3686,353
3687,357
3688,357
3689,353
3690,353
3691,359
3692,360
3693,356
3694,350
3695,353
3696,353
3697,356
3698,350
3699,353
3700,356
3701,349
3702,357
3703,353
3704,350
3705,353
3706,353
3707,356
3708,363
3709,353
3710,357
3711,357
3712,353
3713,356
3714,356
3715,356
3716,359
3717,353
3718,350
3719,353
3720,349
3721,356
3722,356
3723,353
3724,353
3725,350
3726,354
3727,357
3728,353
3729,350
3730,350
3731,356
3732,353
3733,353
3734,356
3735,353
3736,353
3737,359
3738,356
3739,350
3740,353
3741,363
3742,356
3743,350
3744,353
3745,356
3746,360
3747,353
3748,349
3749,349
3750,356
3751,353
3752,346
3753,353
3754,357
3755,353
3756,350
3757,353
3758,353
3759,356
3760,360
3761,353
3762,353
3763,467
3764,353
3765,350
3766,350
3767,350
3768,353
3769,357
3770,356
3771,353
3772,353
3773,349
3774,353
3775,356
3776,347
3777,353
3778,357
3779,356
3780,356
3781,353
3782,353
3783,353
3784,350
3785,357
3786,357
3787,356
3788,353
3789,360
3790,359
3791,353
3792,353
3793,353
3794,353
3795,353
3796,359
3797,350
3798,353
3799,350
3800,357
3801,349
3802,350
3803,350
3804,360
3805,350
3806,353
3807,357
3808,353
3809,356
3810,357
3811,357
3812,353
3813,350
3814,353
3815,353
3816,353
3817,353
3818,349
3819,357
3820,353
3821,359
3822,353
3823,356
3824,353
3825,350
3826,353
3827,353
3828,356
3829,349
3830,353
3831,359
3832,353
3833,347
3834,349
3835,353
3836,354
3837,353
3838,357
3839,353
3840,356
3841,353
3842,354
3843,353
3844,356
3845,353
3846,353
3847,353
3848,354
3849,353
3850,356
3851,353
3852,359
3853,353
3854,360
3855,350
3856,349
3857,363
3858,356
3859,356
3860,350
3861,353
3862,357
3863,350
3864,356
3865,350
3866,353
3867,350
3868,353
3869,353
3870,353
3871,353
3872,360
3873,356
3874,350
3875,356
3876,356
3877,353
3878,349
3879,356
3880,353
3881,356
3882,350
3883,354
3884,350
3885,353
3886,354
3887,353
3888,353
3889,357
3890,350
3891,356
3892,354
3893,353
3894,353
3895,353
3896,356
3897,350
3898,354
3899,353
3900,353
3901,357
3902,356
3903,353
3904,356
3905,357
3906,353
3907,349
3908,353
3909,356
3910,350
3911,353
3912,356
3913,356
3914,353
3915,353
3916,353
3917,357
3918,356
3919,353
3920,353
3921,360
3922,363
3923,356
3924,353
3925,353
3926,356
3927,353
3928,350
3929,349
3930,353
3931,349
3932,349
3933,353
3934,349
3935,350
3936,357
3937,357
3938,353
3939,350
3940,353
3941,356
3942,350
3943,353
3944,349
3945,353
3946,356
3947,353
3948,356
3949,353
3950,360
3951,354
3952,360
3953,353
3954,353
3955,349
3956,356
3957,357
3958,356
3959,353
3960,354
3961,356
3962,349
3963,350
3964,350
3965,353
3966,353
3967,353
3968,353
3969,353
3970,353
3971,349
3972,354
3973,360
3974,350
3975,354
3976,350
3977,353
3978,356
3979,353
3980,353
3981,353
3982,353
3983,350
3984,353
3985,353
3986,353
3987,353
3988,356
3989,350
3990,350
3991,356
3992,356
3993,350
3994,353
3995,350
3996,353
3997,360
3998,357
3999,350
4000,353
4001,357
4002,353
4003,350
4004,349
4005,350
4006,350
4007,353
4008,353
4009,349
4010,353
4011,356
4012,349
4013,353
4014,356
4015,356
4016,356
4017,353
4018,353
4019,356
4020,349
4021,350
4022,353
4023,357
4024,353
4025,353
4026,356
4027,356
4028,356
4029,353
4030,353
4031,360
4032,357
4033,353
4034,353
4035,347
4036,353
4037,356
4038,359
4039,353
4040,353
4041,353
4042,353
4043,356
4044,353
4045,353
4046,353
4047,353
4048,353
4049,356
4050,353
4051,357
4052,353
4053,350
4054,356
4055,353
4056,353
4057,349
4058,353
4059,359
4060,349
4061,357
4062,353
4063,353
4064,349
4065,356
4066,353
4067,353
4068,356
4069,359
4070,353
4071,356
4072,353
4073,356
4074,350
4075,350
4076,356
4077,346
4078,353
4079,356
4080,357
4081,357
4082,349
4083,359
4084,350
4085,349
4086,356
4087,353
4088,349
4089,353
4090,360
4091,353
4092,353
4093,356
4094,360
4095,356
4096,357
4097,350
4098,353
4099,356
4100,353
4101,356
4102,350
4103,356
4104,353
4105,346
4106,350
4107,360
4108,353
4109,356
4110,353
4111,353
4112,353
4113,349
4114,350
4115,349
4116,349
4117,356
4118,356
4119,353
4120,356
4121,349
4122,354
4123,356
4124,350
4125,353
4126,353
4127,356
4128,353
4129,353
4130,350
4131,353
4132,356
4133,353
4134,354
4135,350
4136,353
4137,353
4138,356
4139,349
4140,354
4141,350
4142,353
4143,349
4144,353
4145,353
4146,356
4147,353
4148,356
4149,350
4150,357
4151,353
4152,350
4153,353
4154,353
4155,353
4156,353
4157,350
4158,357
4159,353
4160,353
4161,350
4162,353
4163,353
4164,353
4165,353
4166,353
4167,350
4168,350
4169,356
4170,353
4171,353
4172,346
4173,353
4174,353
4175,357
4176,353
4177,356
4178,363
4179,353
4180,350
4181,356
4182,356
4183,350
4184,353
4185,356
4186,360
4187,353
4188,347
4189,349
4190,353
4191,353
4192,350
4193,360
4194,353
4195,349
4196,353
4197,350
4198,350
4199,353
4200,353
4201,353
4202,360
4203,360
4204,357
4205,353
4206,349
4207,359
4208,360
4209,350
4210,353
4211,356
4212,357
4213,350
4214,353
4215,357
4216,353
4217,356
4218,386
4219,357
4220,353
4221,353
4222,356
4223,350
4224,353
4225,353
4226,357
4227,349
4228,353
4229,350
4230,353
4231,356
4232,353
4233,353
4234,357
4235,350
4236,350
4237,353
4238,363
4239,357
4240,353
4241,357
4242,353
4243,353
4244,360
4245,353
4246,353
4247,353
4248,353
4249,356
4250,356
4251,353
4252,356
4253,360
4254,350
4255,353
4256,353
4257,357
4258,356
4259,349
4260,350
4261,350
4262,350
4263,350
4264,349
4265,353
4266,350
4267,353
4268,353
4269,350
4270,353
4271,353
4272,353
4273,353
4274,353
4275,350
4276,353
4277,356
4278,350
4279,353
4280,353
4281,360
4282,349
4283,353
4284,356
4285,353
4286,349
4287,353
4288,353
4289,353
4290,350
4291,353
4292,353
4293,353
4294,359
4295,356
4296,353
4297,353
4298,350
4299,354
4300,349
4301,356
4302,357
4303,353
4304,350
4305,363
4306,353
4307,353
4308,356
4309,350
4310,349
4311,350
4312,353
4313,357
4314,353
4315,350
4316,353
4317,356
4318,359
4319,350
4320,350
4321,356
4322,350
4323,360
4324,356
4325,356
4326,356
4327,353
4328,363
4329,349
4330,353
4331,353
4332,350
4333,353
4334,353
4335,353
4336,356
4337,356
4338,357
4339,353
4340,353
4341,360
4342,350
4343,353
4344,353
4345,357
4346,360
4347,353
4348,353
4349,353
4350,353
4351,353
4352,356
4353,360
4354,356
4355,354
4356,350
4357,349
4358,353
4359,363
4360,356
4361,353
4362,349
4363,353
4364,357
4365,357
4366,356
4367,360
4368,350
4369,350
4370,353
4371,353
4372,350
4373,353
4374,356
4375,353
4376,357
4377,353
4378,353
4379,353
4380,357
4381,353
4382,353
4383,353
4384,356
4385,353
4386,353
4387,353
4388,353
4389,356
4390,353
4391,353
4392,357
4393,357
4394,353
4395,353
4396,356
4397,359
4398,356
4399,360
4400,360
4401,353
4402,350
4403,350
4404,353
4405,350
4406,353
4407,357
4408,357
4409,356
4410,353
4411,353
4412,353
4413,350
4414,353
4415,353
4416,350
4417,350
4418,357
4419,350
4420,360
4421,353
4422,360
4423,353
4424,356
4425,353
4426,353
4427,353
4428,353
4429,353
4430,356
4431,353
4432,353
4433,353
4434,359
4435,353
4436,353
4437,350
4438,350
4439,353
4440,350
4441,356
4442,349
4443,350
4444,356
4445,353
4446,353
4447,353
4448,353
4449,353
4450,353
4451,353
4452,353
4453,363
4454,353
4455,353
4456,357
4457,350
4458,353
4459,356
4460,356
4461,353
4462,353
4463,353
4464,357
4465,353
4466,353
4467,353
4468,353
4469,353
4470,350
4471,353
4472,353
4473,363
4474,356
4475,353
4476,357
4477,357
4478,353
4479,353
4480,349
4481,353
4482,350
4483,346
4484,353
4485,360
4486,353
4487,349
4488,353
4489,353
4490,350
4491,353
4492,356
4493,353
4494,356
4495,353
4496,350
4497,353
4498,353
4499,350
4500,350
4501,356
4502,360
4503,356
4504,350
4505,357
4506,353
4507,353
4508,349
4509,349
4510,357
4511,360
4512,356
4513,353
4514,353
4515,350
4516,359
4517,353
4518,360
4519,357
4520,353
4521,356
4522,353
4523,353
4524,349
4525,350
4526,353
4527,356
4528,357
4529,350
4530,357
4531,353
4532,360
4533,353
4534,353
4535,356
4536,350
4537,349
4538,356
4539,349
4540,357
4541,350
4542,356
4543,360
4544,349
4545,353
4546,353
4547,353
4548,349
4549,350
4550,353
4551,353
4552,350
4553,353
4554,359
4555,349
4556,353
4557,360
4558,353
4559,356
4560,350
4561,353
4562,353
4563,350
4564,356
4565,353
4566,350
4567,349
4568,356
4569,357
4570,350
4571,353
4572,353
4573,350
4574,353
4575,353
4576,359
4577,356
4578,356
4579,353
4580,353
4581,353
4582,349
4583,356
4584,360
4585,353
4586,353
4587,359
4588,350
4589,356
4590,349
4591,353
4592,357
4593,353
4594,350
4595,350
4596,360
4597,350
4598,353
4599,357
4600,353
4601,357
4602,356
4603,353
4604,356
4605,353
4606,353
4607,353
4608,353
4609,353
4610,353
4611,356
4612,353
4613,360
4614,353
4615,353
4616,353
4617,350
4618,353
4619,353
4620,353
4621,353
4622,357
4623,350
4624,357
4625,356
4626,356
4627,356
4628,353
4629,356
4630,353
4631,349
4632,353
4633,353
4634,350
4635,359
4636,350
4637,353
4638,359
4639,356
4640,353
4641,353
4642,353
4643,356
4644,363
4645,357
4646,353
4647,359
4648,353
4649,353
4650,356
4651,353
4652,350
4653,353
4654,349
4655,349
4656,353
4657,357
4658,360
4659,353
4660,357
4661,353
4662,353
4663,353
4664,353
4665,360
4666,357
4667,353
4668,353
4669,353
4670,350
4671,353
4672,353
4673,383
4674,353
4675,353
4676,356
4677,353
4678,356
4679,356
4680,353
4681,353
4682,350
4683,353
4684,349
4685,359
4686,356
4687,353
4688,353
4689,353
4690,353
4691,353
4692,353
4693,356
4694,350
4695,349
4696,353
4697,350
4698,353
4699,353
4700,360
4701,353
4702,353
4703,357
4704,353
4705,353
4706,356
4707,359
4708,353
4709,360
4710,356
4711,349
4712,353
4713,353
4714,357
4715,356
4716,353
4717,347
4718,357
4719,357
4720,349
4721,353
4722,353
4723,353
4724,356
4725,353
4726,357
4727,349
4728,357
4729,353
4730,356
4731,360
4732,356
4733,353
4734,353
4735,356
4736,353
4737,356
4738,354
4739,350
4740,356
4741,353
4742,353
4743,360
4744,357
4745,353
4746,353
4747,357
4748,350
4749,353
4750,353
4751,353
4752,353
4753,353
4754,356
4755,356
4756,356
4757,353
4758,356
4759,356
4760,353
4761,353
4762,353
4763,350
4764,356
4765,353
4766,353
4767,357
4768,353
4769,353
4770,354
4771,353
4772,356
4773,350
4774,357
4775,353
4776,360
4777,356
4778,357
4779,350
4780,353
4781,356
4782,350
4783,357
4784,359
4785,350
4786,353
4787,350
4788,350
4789,353
4790,353
4791,353
4792,356
4793,353
4794,353
4795,353
4796,346
4797,349
4798,360
4799,353
4800,353
4801,347
4802,353
4803,356
4804,349
4805,353
4806,356
4807,353
4808,356
4809,353
4810,349
4811,357
4812,356
4813,353
4814,353
4815,353
4816,356
4817,353
4818,353
4819,349
4820,360
4821,350
4822,356
4823,350
4824,349
4825,353
4826,347
4827,357
4828,353
4829,353
4830,350
4831,356
4832,353
4833,353
4834,363
4835,360
4836,353
4837,353
4838,353
4839,350
4840,349
4841,353
4842,360
4843,353
4844,356
4845,353
4846,349
4847,350
4848,359
4849,353
4850,353
4851,357
4852,356
4853,353
4854,353
4855,353
4856,353
4857,359
4858,353
4859,356
4860,353
4861,357
4862,353
4863,353
4864,357
4865,353
4866,360
4867,357
4868,357
4869,350
4870,353
4871,353
4872,353
4873,350
4874,353
4875,356
4876,353
4877,353
4878,357
4879,353
4880,353
4881,357
4882,356
4883,353
4884,350
4885,356
4886,353
4887,353
4888,356
4889,353
4890,353
4891,363
4892,353
4893,353
4894,350
4895,360
4896,353
4897,353
4898,356
4899,353
4900,359
4901,350
4902,353
4903,356
4904,359
4905,353
4906,353
4907,350
4908,354
4909,349
4910,356
4911,354
4912,350
4913,353
4914,353
4915,357
4916,353
4917,353
4918,356
4919,353
4920,357
4921,359
4922,353
4923,356
4924,349
4925,356
4926,353
4927,353
4928,353
4929,353
4930,350
4931,356
4932,353
4933,360
4934,353
4935,353
4936,357
4937,353
4938,360
4939,353
4940,353
4941,357
4942,349
4943,353
4944,350
4945,349
4946,8496
4947,539
4948,353
4949,353
4950,357
4951,353
4952,353
4953,349
4954,350
4955,353
4956,353
4957,356
4958,356
4959,357
4960,356
4961,359
4962,350
4963,353
4964,350
4965,353
4966,353
4967,353
4968,354
4969,363
4970,353
4971,350
4972,349
4973,350
4974,353
4975,353
4976,353
4977,360
4978,353
4979,353
4980,350
4981,353
4982,350
4983,357
4984,356
4985,350
4986,350
4987,353
4988,356
4989,353
4990,353
4991,350
4992,356
4993,350
4994,356
4995,353
4996,356
4997,350
4998,353
4999,353
5000,353
5001,356
5002,353
5003,356
5004,353
5005,350
5006,353
5007,359
5008,356
5009,357
5010,356
5011,353
5012,354
5013,353
5014,349
5015,349
5016,356
5017,357
5018,353
5019,353
5020,350
5021,353
5022,353
5023,353
5024,353
5025,353
5026,349
5027,353
5028,350
5029,353
5030,356
5031,356
5032,357
5033,353
5034,356
5035,356
5036,360
5037,359
5038,356
5039,357
5040,357
5041,353
5042,353
5043,350
5044,353
5045,356
5046,356
5047,353
5048,350
5049,353
5050,353
5051,357
5052,356
5053,356
5054,356
5055,350
5056,353
5057,360
5058,353
5059,350
5060,353
5061,354
5062,353
5063,349
5064,350
5065,360
5066,353
5067,353
5068,353
5069,353
5070,356
5071,356
5072,353
5073,353
5074,350
5075,353
5076,360
5077,349
5078,353
5079,353
5080,349
5081,356
5082,350
5083,357
5084,356
5085,360
5086,353
5087,353
5088,359
5089,353
5090,353
5091,349
5092,357
5093,353
5094,356
5095,359
5096,360
5097,356
5098,353
5099,353
5100,356
5101,360
5102,357
5103,350
5104,359
5105,359
5106,353
5107,350
5108,350
5109,360
5110,353
5111,360
5112,356
5113,353
5114,354
5115,356
5116,350
5117,350
5118,353
5119,357
5120,350
5121,350
5122,353
5123,363
5124,357
5125,353
5126,353
5127,353
5128,549
5129,349
5130,350
5131,357
5132,356
5133,350
5134,360
5135,359
5136,357
5137,350
5138,353
5139,353
5140,353
5141,350
5142,353
5143,353
5144,350
5145,353
5146,356
5147,353
5148,350
5149,353
5150,360
5151,353
5152,357
5153,356
5154,350
5155,353
5156,353
5157,353
5158,353
5159,349
5160,350
5161,356
5162,349
5163,357
5164,356
5165,360
5166,353
5167,356
5168,357
5169,353
5170,350
5171,353
5172,350
5173,353
5174,349
5175,356
5176,353
5177,353
5178,363
5179,353
5180,353
5181,353
5182,356
5183,350
5184,349
5185,353
5186,353
5187,356
5188,353
5189,353
5190,353
5191,353
5192,360
5193,353
5194,353
5195,353
5196,350
5197,350
5198,357
5199,353
5200,353
5201,356
5202,359
5203,350
5204,353
5205,353
5206,350
5207,357
5208,356
5209,356
5210,350
5211,353
5212,357
5213,353
5214,353
5215,353
5216,353
5217,353
5218,356
5219,353
5220,353
5221,349
5222,356
5223,356
5224,356
5225,350
5226,356
5227,353
5228,357
5229,353
5230,353
5231,353
5232,353
5233,359
5234,357
5235,353
5236,359
5237,356
5238,359
5239,360
5240,353
5241,353
5242,353
5243,360
5244,353
5245,357
5246,357
5247,353
5248,353
5249,360
5250,353
5251,350
5252,349
5253,353
5254,363
5255,353
5256,356
5257,356
5258,353
5259,353
5260,357
5261,353
5262,349
5263,356
5264,350
5265,353
5266,357
5267,353
5268,353
5269,350
5270,357
5271,350
5272,353
5273,356
5274,354
5275,353
5276,353
5277,354
5278,353
5279,350
5280,360
5281,356
5282,353
5283,356
5284,350
5285,350
5286,360
5287,353
5288,356
5289,353
5290,350
5291,350
5292,353
5293,353
5294,349
5295,353
5296,356
5297,353
5298,356
5299,353
5300,357
5301,353
5302,357
5303,360
5304,353
5305,353
5306,353
5307,356
5308,353
5309,353
5310,353
5311,353
5312,353
5313,349
5314,353
5315,353
5316,353
5317,356
5318,353
5319,349
5320,357
5321,353
5322,353
5323,356
5324,350
5325,353
5326,353
5327,354
5328,349
5329,353
5330,357
5331,353
5332,353
5333,350
5334,353
5335,350
5336,357
5337,353
5338,353
5339,357
5340,357
5341,363
5342,357
5343,360
5344,356
5345,353
5346,350
5347,353
5348,353
5349,353
5350,356
5351,350
5352,349
5353,350
5354,353
5355,353
5356,350
5357,353
5358,353
5359,360
5360,353
5361,353
5362,356
5363,356
5364,353
5365,353
5366,350
5367,353
5368,357
5369,350
5370,349
5371,353
5372,353
5373,353
5374,353
5375,349
5376,353
5377,353
5378,349
5379,350
5380,356
5381,353
5382,356
5383,353
5384,353
5385,353
5386,353
5387,353
5388,350
5389,356
5390,353
5391,350
5392,350
5393,353
5394,360
5395,357
5396,356
5397,350
5398,353
5399,353
5400,349
5401,353
5402,353
5403,353
5404,353
5405,353
5406,353
5407,353
5408,353
5409,353
5410,353
5411,357
5412,350
5413,357
5414,350
5415,356
5416,357
5417,349
5418,360
5419,353
5420,353
5421,350
5422,353
5423,353
5424,356
5425,353
5426,353
5427,356
5428,353
5429,353
5430,353
5431,353
5432,356
5433,360
5434,353
5435,353
5436,360
5437,350
5438,353
5439,350
5440,350
5441,356
5442,353
5443,353
5444,353
5445,350
5446,356
5447,356
5448,353
5449,356
5450,353
5451,356
5452,353
5453,353
5454,356
5455,360
5456,350
5457,356
5458,356
5459,353
5460,356
5461,350
5462,353
5463,350
5464,353
5465,353
5466,353
5467,350
5468,353
5469,353
5470,353
5471,354
5472,349
5473,353
5474,350
5475,353
5476,349
5477,350
5478,356
5479,350
5480,353
5481,353
5482,353
5483,353
5484,353
5485,353
5486,354
5487,353
5488,353
5489,353
5490,349
5491,350
5492,353
5493,357
5494,350
5495,353
5496,350
5497,353
5498,350
5499,349
5500,353
5501,353
5502,353
5503,356
5504,353
5505,353
5506,353
5507,356
5508,350
5509,353
5510,350
5511,353
5512,353
5513,356
5514,353
5515,357
5516,353
5517,359
5518,353
5519,349
5520,357
5521,357
5522,353
5523,357
5524,353
5525,359
5526,363
5527,353
5528,350
5529,353
5530,353
5531,353
5532,350
5533,357
5534,353
5535,360
5536,350
5537,353
5538,356
5539,353
5540,350
5541,353
5542,353
5543,353
5544,353
5545,356
5546,356
5547,356
5548,353
5549,353
5550,357
5551,349
5552,353
5553,353
5554,349
5555,360
5556,353
5557,353
5558,353
5559,360
5560,356
5561,350
5562,363
5563,353
5564,357
5565,356
5566,353
5567,353
5568,357
5569,353
5570,356
5571,357
5572,360
5573,353
5574,353
5575,356
5576,353
5577,353
5578,350
5579,360
5580,353
5581,356
5582,360
5583,646
5584,357
5585,353
5586,353
5587,357
5588,350
5589,356
5590,356
5591,353
5592,359
5593,353
5594,350
5595,356
5596,357
5597,350
5598,360
5599,357
5600,356
5601,360
5602,353
5603,350
5604,357
5605,353
5606,353
5607,349
5608,350
5609,353
5610,346
5611,354
5612,353
5613,353
5614,356
5615,353
5616,353
5617,357
5618,353
5619,359
5620,353
5621,357
5622,360
5623,360
5624,359
5625,353
5626,353
5627,360
5628,353
5629,349
5630,353
5631,353
5632,350
5633,349
5634,360
5635,353
5636,356
5637,357
5638,357
5639,353
5640,353
5641,350
5642,353
5643,349
5644,353
5645,353
5646,353
5647,353
5648,353
5649,353
5650,353
5651,353
5652,350
5653,353
5654,353
5655,357
5656,360
5657,359
5658,357
5659,353
5660,360
5661,356
5662,353
5663,357
5664,356
5665,353
5666,360
5667,357
5668,353
5669,360
5670,346
5671,360
5672,353
5673,353
5674,349
5675,353
5676,353
5677,353
5678,356
5679,353
5680,353
5681,353
5682,350
5683,353
5684,349
5685,350
5686,360
5687,353
5688,356
5689,353
5690,353
5691,349
5692,350
5693,356
5694,356
5695,353
5696,354
5697,350
5698,357
5699,356
5700,350
5701,356
5702,353
5703,353
5704,356
5705,357
5706,353
5707,353
5708,353
5709,353
5710,353
5711,356
5712,353
5713,349
5714,353
5715,349
5716,353
5717,350
5718,356
5719,353
5720,350
5721,359
5722,363
5723,354
5724,359
5725,356
5726,353
5727,350
5728,356
5729,356
5730,350
5731,353
5732,356
5733,347
5734,353
5735,360
5736,350
5737,353
5738,353
5739,353
5740,353
5741,353
5742,360
5743,356
5744,356
5745,349
5746,353
5747,353
5748,356
5749,353
5750,353
5751,356
5752,353
5753,363
5754,356
5755,356
5756,353
5757,356
5758,354
5759,359
5760,350
5761,353
5762,360
5763,356
5764,353
5765,360
5766,353
5767,353
5768,353
5769,356
5770,350
5771,356
5772,356
5773,357
5774,353
5775,353
5776,353
5777,350
5778,353
5779,353
5780,353
5781,357
5782,353
5783,356
5784,350
5785,360
5786,353
5787,353
5788,353
5789,353
5790,360
5791,356
5792,356
5793,356
5794,353
5795,357
5796,353
5797,353
5798,353
5799,353
5800,353
5801,349
5802,353
5803,353
5804,350
5805,356
5806,359
5807,360
5808,353
5809,353
5810,353
5811,349
5812,349
5813,357
5814,356
5815,356
5816,356
5817,350
5818,350
5819,353
5820,353
5821,353
5822,353
5823,359
5824,353
5825,349
5826,353
5827,353
5828,353
5829,354
5830,360
5831,350
5832,353
5833,353
5834,349
5835,353
5836,350
5837,349
5838,353
5839,350
5840,353
5841,353
5842,356
5843,350
5844,356
5845,350
5846,356
5847,356
5848,353
5849,353
5850,350
5851,356
5852,353
5853,353
5854,350
5855,360
5856,356
5857,350
5858,353
5859,350
5860,353
5861,360
5862,353
5863,353
5864,353
5865,353
5866,350
5867,360
5868,360
5869,353
5870,353
5871,350
5872,350
5873,353
5874,353
5875,356
5876,353
5877,356
5878,357
5879,356
5880,350
5881,349
5882,353
5883,356
5884,363
5885,356
5886,353
5887,360
5888,353
5889,353
5890,353
5891,349
5892,360
5893,353
5894,353
5895,350
5896,356
5897,353
5898,356
5899,356
5900,353
5901,357
5902,356
5903,353
5904,353
5905,353
5906,353
5907,353
5908,357
5909,353
5910,350
5911,349
5912,353
5913,357
5914,353
5915,353
5916,354
5917,349
5918,353
5919,357
5920,350
5921,356
5922,353
5923,353
5924,360
5925,353
5926,357
5927,357
5928,353
5929,349
5930,356
5931,353
5932,353
5933,350
5934,350
5935,353
5936,353
5937,360
5938,357
5939,353
5940,353
5941,353
5942,356
5943,353
5944,346
5945,356
5946,349
5947,350
5948,353
5949,353
5950,356
5951,357
5952,353
5953,353
5954,353
5955,350
5956,353
5957,353
5958,353
5959,353
5960,353
5961,353
5962,353
5963,360
5964,356
5965,350
5966,353
5967,350
5968,349
5969,356
5970,356
5971,360
5972,350
5973,350
5974,360
5975,353
5976,357
5977,353
5978,350
5979,356
5980,350
5981,356
5982,349
5983,350
5984,356
5985,353
5986,357
5987,350
5988,353
5989,356
5990,353
5991,359
5992,356
5993,354
5994,353
5995,353
5996,353
5997,350
5998,353
5999,357
6000,357
6001,350
6002,353
6003,359
6004,353
6005,353
6006,349
6007,350
6008,350
6009,357
6010,353
6011,356
6012,353
6013,354
6014,357
6015,360
6016,354
6017,356
6018,353
6019,353
6020,350
6021,353
6022,360
6023,357
6024,356
6025,357
6026,353
6027,353
6028,356
6029,360
6030,353
6031,353
6032,350
6033,350
6034,353
6035,353
6036,349
6037,353
6038,403
6039,356
6040,356
6041,357
6042,349
6043,353
6044,356
6045,349
6046,356
6047,356
6048,353
6049,357
6050,349
6051,353
6052,353
6053,353
6054,357
6055,353
6056,357
6057,360
6058,353
6059,349
6060,353
6061,347
6062,353
6063,353
6064,353
6065,357
6066,349
6067,353
6068,353
6069,350
6070,353
6071,350
6072,353
6073,349
6074,349
6075,357
6076,353
6077,353
6078,359
6079,360
6080,353
6081,353
6082,353
6083,353
6084,349
6085,353
6086,353
6087,360
6088,353
6089,349
6090,356
6091,353
6092,359
6093,353
6094,350
6095,360
6096,353
6097,353
6098,356
6099,353
6100,356
6101,363
6102,356
6103,357
6104,357
6105,353
6106,353
6107,353
6108,360
6109,353
6110,349
6111,353
6112,350
6113,353
6114,353
6115,353
6116,353
6117,356
6118,350
6119,357
6120,353
6121,353
6122,356
6123,353
6124,360
6125,357
6126,356
6127,353
6128,353
6129,353
6130,357
6131,353
6132,347
6133,357
6134,353
6135,356
6136,359
6137,353
6138,349
6139,353
6140,360
6141,357
6142,353
6143,349
6144,350
6145,353
6146,356
6147,353
6148,350
6149,363
6150,350
6151,357
6152,353
6153,350
6154,350
6155,353
6156,353
6157,347
6158,353
6159,353
6160,350
6161,349
6162,357
6163,353
6164,350
6165,349
6166,353
6167,353
6168,356
6169,357
6170,357
6171,349
6172,353
6173,353
6174,360
6175,350
6176,349
6177,357
6178,353
6179,353
6180,353
6181,357
6182,357
6183,356
6184,356
6185,356
6186,357
6187,350
6188,350
6189,353
6190,356
6191,356
6192,356
6193,357
6194,353
6195,353
6196,353
6197,353
6198,350
6199,357
6200,350
6201,353
6202,353
6203,360
6204,350
6205,353
6206,350
6207,350
6208,353
6209,349
6210,350
6211,353
6212,353
6213,350
6214,349
6215,353
6216,356
6217,356
6218,353
6219,353
6220,353
6221,357
6222,353
6223,353
6224,356
6225,353
6226,353
6227,350
6228,356
6229,353
6230,353
6231,356
6232,356
6233,356
6234,353
6235,356
6236,353
6237,360
6238,353
6239,356
6240,357
6241,357
6242,353
6243,353
6244,353
6245,350
6246,356
6247,353
6248,353
6249,360
6250,356
6251,350
6252,356
6253,353
6254,349
6255,350
6256,353
6257,350
6258,350
6259,353
6260,360
6261,350
6262,357
6263,357
6264,353
6265,353
6266,353
6267,356
6268,353
6269,350
6270,357
6271,353
6272,353
6273,353
6274,350
6275,350
6276,353
6277,356
6278,350
6279,353
6280,356
6281,353
6282,356
6283,353
6284,349
6285,350
6286,356
6287,353
6288,353
6289,353
6290,356
6291,349
6292,353
6293,353
6294,359
6295,364
6296,356
6297,353
6298,353
6299,356
6300,356
6301,353
6302,360
6303,357
6304,356
6305,353
6306,353
6307,353
6308,357
6309,353
6310,356
6311,350
6312,350
6313,356
6314,350
6315,357
6316,356
6317,356
6318,353
6319,353
6320,356
6321,356
6322,353
6323,356
6324,357
6325,353
6326,349
6327,350
6328,353
6329,356
6330,356
6331,353
6332,350
6333,353
6334,357
6335,353
6336,346
6337,356
6338,350
6339,349
6340,353
6341,353
6342,349
6343,350
6344,360
6345,353
6346,353
6347,353
6348,350
6349,356
6350,357
6351,349
6352,353
6353,357
6354,353
6355,353
6356,350
6357,359
6358,357
6359,353
6360,353
6361,360
6362,353
6363,356
6364,350
6365,350
6366,353
6367,360
6368,353
6369,356
6370,353
6371,360
6372,350
6373,350
6374,353
6375,349
6376,353
6377,353
6378,356
6379,360
6380,356
6381,356
6382,357
6383,353
6384,356
6385,354
6386,353
6387,357
6388,353
6389,353
6390,353
6391,353
6392,360
6393,353
6394,356
6395,353
6396,350
6397,353
6398,353
6399,357
6400,350
6401,353
6402,353
6403,357
6404,353
6405,353
6406,356
6407,356
6408,357
6409,353
6410,357
6411,360
6412,360
6413,353
6414,356
6415,356
6416,356
6417,357
6418,350
6419,353
6420,353
6421,349
6422,356
6423,354
6424,350
6425,353
6426,354
6427,353
6428,353
6429,353
6430,353
6431,353
6432,356
6433,353
6434,350
6435,353
6436,357
6437,353
6438,353
6439,353
6440,353
6441,350
6442,356
6443,356
6444,356
6445,350
6446,360
6447,350
6448,357
6449,353
6450,349
6451,357
6452,353
6453,353
6454,353
6455,360
6456,350
6457,357
6458,357
6459,353
6460,353
6461,353
6462,360
6463,353
6464,356
6465,356
6466,356
6467,350
6468,353
6469,357
6470,350
6471,357
6472,353
6473,357
6474,360
6475,357
6476,356
6477,356
6478,356
6479,353
6480,353
6481,353
6482,350
6483,353
6484,353
6485,357
6486,353
6487,350
6488,356
6489,357
6490,353
6491,353
6492,346
6493,390
6494,353
6495,353
6496,353
6497,353
6498,357
6499,353
6500,354
6501,357
6502,349
6503,357
6504,356
6505,357
6506,354
6507,353
6508,353
6509,353
6510,350
6511,360
6512,356
6513,353
6514,353
6515,350
6516,353
6517,357
6518,354
6519,353
6520,356
6521,353
6522,353
6523,359
6524,353
6525,353
6526,356
6527,353
6528,350
6529,357
6530,349
6531,353
6532,350
6533,350
6534,357
6535,360
6536,353
6537,349
6538,353
6539,350
6540,353
6541,353
6542,350
6543,353
6544,353
6545,353
6546,353
6547,360
6548,350
6549,356
6550,353
6551,350
6552,356
6553,353
6554,347
6555,353
6556,353
6557,353
6558,350
6559,350
6560,353
6561,353
6562,353
6563,353
6564,353
6565,356
6566,353
6567,357
6568,353
6569,360
6570,349
6571,356
6572,350
6573,353
6574,350
6575,353
6576,356
6577,353
6578,350
6579,353
6580,357
6581,353
6582,353
6583,353
6584,349
6585,350
6586,353
6587,350
6588,349
6589,357
6590,360
6591,356
6592,360
6593,350
6594,349
6595,353
6596,353
6597,353
6598,359
6599,356
6600,353
6601,357
6602,353
6603,353
6604,360
6605,353
6606,357
6607,353
6608,353
6609,356
6610,353
6611,356
6612,353
6613,356
6614,360
6615,353
6616,349
6617,353
6618,353
6619,353
6620,353
6621,353
6622,353
6623,353
6624,353
6625,353
6626,359
6627,353
6628,349
6629,360
6630,353
6631,349
6632,353
6633,353
6634,353
6635,356
6636,353
6637,356
6638,360
6639,350
6640,353
6641,357
6642,353
6643,353
6644,350
6645,349
6646,353
6647,353
6648,357
6649,353
6650,354
6651,353
6652,350
6653,357
6654,353
6655,353
6656,353
6657,353
6658,350
6659,357
6660,350
6661,353
6662,357
6663,360
6664,360
6665,349
6666,350
6667,349
6668,356
6669,349
6670,353
6671,356
6672,357
6673,357
6674,350
6675,349
6676,353
6677,356
6678,350
6679,353
6680,353
6681,353
6682,353
6683,353
6684,349
6685,353
6686,353
6687,350
6688,350
6689,357
6690,353
6691,349
6692,353
6693,356
6694,350
6695,350
6696,353
6697,357
6698,353
6699,353
6700,353
6701,353
6702,353
6703,350
6704,353
6705,357
6706,360
6707,353
6708,353
6709,353
6710,353
6711,360
6712,357
6713,353
6714,356
6715,350
6716,350
6717,356
6718,350
6719,353
6720,346
6721,356
6722,349
6723,350
6724,350
6725,356
6726,357
6727,356
6728,363
6729,353
6730,350
6731,360
6732,349
6733,353
6734,350
6735,353
6736,356
6737,356
6738,350
6739,353
6740,350
6741,353
6742,353
6743,353
6744,349
6745,353
6746,360
6747,349
6748,353
6749,353
6750,353
6751,350
6752,353
6753,350
6754,353
6755,353
6756,349
6757,353
6758,356
6759,356
6760,349
6761,353
6762,349
6763,356
6764,353
6765,353
6766,353
6767,356
6768,349
6769,360
6770,360
6771,354
6772,353
6773,357
6774,360
6775,356
6776,356
6777,353
6778,356
6779,359
6780,356
6781,349
6782,357
6783,353
6784,349
6785,353
6786,353
6787,357
6788,356
6789,349
6790,356
6791,353
6792,356
6793,353
6794,353
6795,350
6796,356
6797,353
6798,356
6799,360
6800,353
6801,357
6802,350
6803,353
6804,353
6805,350
6806,353
6807,353
6808,363
6809,353
6810,353
6811,350
6812,359
6813,353
6814,353
6815,349
6816,356
6817,356
6818,346
6819,353
6820,353
6821,356
6822,353
6823,356
6824,353
6825,353
6826,356
6827,353
6828,353
6829,353
6830,350
6831,353
6832,350
6833,353
6834,353
6835,356
6836,353
6837,356
6838,357
6839,353
6840,353
6841,350
6842,349
6843,353
6844,349
6845,353
6846,353
6847,353
6848,353
6849,353
6850,353
6851,349
6852,350
6853,353
6854,353
6855,357
6856,353
6857,353
6858,349
6859,360
6860,350
6861,353
6862,353
6863,354
6864,353
6865,353
6866,353
6867,350
6868,353
6869,356
6870,353
6871,353
6872,353
6873,353
6874,360
6875,360
6876,353
6877,350
6878,350
6879,353
6880,353
6881,353
6882,353
6883,357
6884,353
6885,353
6886,356
6887,353
6888,359
6889,353
6890,354
6891,350
6892,350
6893,350
6894,353
6895,349
6896,353
6897,357
6898,353
6899,353
6900,349
6901,356
6902,353
6903,357
6904,349
6905,350
6906,350
6907,357
6908,353
6909,363
6910,353
6911,353
6912,356
6913,349
6914,353
6915,353
6916,353
6917,353
6918,353
6919,353
6920,350
6921,357
6922,353
6923,353
6924,353
6925,353
6926,353
6927,353
6928,353
6929,353
6930,353
6931,353
6932,353
6933,353
6934,353
6935,353
6936,353
6937,349
6938,353
6939,357
6940,353
6941,357
6942,353
6943,359
6944,350
6945,353
6946,353
6947,356
6948,357
6949,387
6950,353
6951,349
6952,353
6953,353
6954,360
6955,349
6956,353
6957,353
6958,357
6959,360
6960,353
6961,357
6962,353
6963,353
6964,356
6965,356
6966,353
6967,353
6968,353
6969,356
6970,350
6971,353
6972,353
6973,359
6974,360
6975,356
6976,356
6977,356
6978,350
6979,353
6980,349
6981,356
6982,363
6983,350
6984,346
6985,357
6986,360
6987,356
6988,353
6989,353
6990,357
6991,349
6992,349
6993,353
6994,353
6995,353
6996,349
6997,357
6998,349
6999,353
7000,350
7001,363
7002,353
7003,360
7004,353
7005,353
7006,350
7007,356
7008,359
7009,353
7010,350
7011,353
7012,356
7013,353
7014,357
7015,360
7016,353
7017,356
7018,359
7019,353
7020,356
7021,353
7022,350
7023,350
7024,350
7025,350
7026,350
7027,353
7028,353
7029,346
7030,353
7031,349
7032,356
7033,357
7034,353
7035,356
7036,357
7037,353
7038,353
7039,350
7040,360
7041,350
7042,357
7043,349
7044,353
7045,350
7046,356
7047,353
7048,357
7049,356
7050,359
7051,360
7052,353
7053,350
7054,357
7055,353
7056,353
7057,349
7058,353
7059,350
7060,353
7061,353
7062,354
7063,350
7064,353
7065,353
7066,353
7067,353
7068,350
7069,349
7070,356
7071,354
7072,353
7073,350
7074,354
7075,356
7076,359
7077,350
7078,350
7079,353
7080,353
7081,353
7082,353
7083,353
7084,353
7085,353
7086,353
7087,353
7088,357
7089,356
7090,350
7091,349
7092,350
7093,353
7094,359
7095,357
7096,353
7097,350
7098,357
7099,353
7100,353
7101,350
7102,353
7103,353
7104,353
7105,357
7106,353
7107,356
7108,353
7109,356
7110,353
7111,356
7112,357
7113,350
7114,359
7115,359
7116,356
7117,353
7118,350
7119,360
7120,353
7121,353
7122,349
7123,350
7124,353
7125,353
7126,359
7127,353
7128,353
7129,357
7130,353
7131,350
7132,357
7133,353
7134,353
7135,360
7136,357
7137,353
7138,353
7139,353
7140,349
7141,353
7142,353
7143,353
7144,356
7145,353
7146,353
7147,363
7148,350
7149,356
7150,359
7151,354
7152,353
7153,353
7154,353
7155,353
7156,353
7157,354
7158,353
7159,356
7160,350
7161,353
7162,353
7163,350
7164,353
7165,350
7166,357
7167,360
7168,356
7169,356
7170,350
7171,350
7172,354
7173,356
7174,353
7175,357
7176,349
7177,353
7178,350
7179,350
7180,349
7181,353
7182,357
7183,359
7184,356
7185,353
7186,357
7187,353
7188,356
7189,350
7190,356
7191,353
7192,353
7193,360
7194,359
7195,353
7196,359
7197,349
7198,353
7199,350
7200,353
7201,353
7202,353
7203,357
7204,354
7205,353
7206,353
7207,353
7208,353
7209,357
7210,350
7211,353
7212,350
7213,356
7214,350
7215,356
7216,350
7217,349
7218,356
7219,353
7220,349
7221,356
7222,350
7223,356
7224,356
7225,353
7226,356
7227,357
7228,353
7229,350
7230,353
7231,357
7232,350
7233,354
7234,353
7235,353
7236,354
7237,353
7238,350
7239,360
7240,353
7241,356
7242,357
7243,353
7244,359
7245,350
7246,357
7247,360
7248,357
7249,353
7250,353
7251,349
7252,356
7253,349
7254,353
7255,353
7256,353
7257,353
7258,356
7259,353
7260,350
7261,356
7262,353
7263,360
7264,353
7265,349
7266,353
7267,350
7268,353
7269,357
7270,357
7271,350
7272,353
7273,356
7274,353
7275,353
7276,353
7277,357
7278,353
7279,353
7280,359
7281,353
7282,353
7283,350
7284,350
7285,353
7286,350
7287,350
7288,350
7289,354
7290,349
7291,350
7292,350
7293,363
7294,349
7295,353
7296,349
7297,356
7298,353
7299,353
7300,356
7301,350
7302,356
7303,353
7304,356
7305,357
7306,353
7307,353
7308,356
7309,357
7310,350
7311,356
7312,357
7313,349
7314,360
7315,353
7316,353
7317,353
7318,360
7319,356
7320,360
7321,353
7322,359
7323,356
7324,353
7325,353
7326,353
7327,357
7328,356
7329,349
7330,354
7331,353
7332,349
7333,353
7334,353
7335,357
7336,353
7337,350
7338,356
7339,364
7340,353
7341,350
7342,350
7343,356
7344,353
7345,350
7346,350
7347,350
7348,356
7349,353
7350,350
7351,350
7352,353
7353,353
7354,356
7355,353
7356,353
7357,357
7358,350
7359,357
7360,353
7361,353
7362,349
7363,356
7364,356
7365,350
7366,350
7367,353
7368,353
7369,353
7370,356
7371,353
7372,353
7373,353
7374,353
7375,353
7376,353
7377,353
7378,353
7379,353
7380,349
7381,353
7382,353
7383,353
7384,360
7385,353
7386,353
7387,356
7388,356
7389,353
7390,353
7391,353
7392,357
7393,353
7394,356
7395,356
7396,350
7397,350
7398,360
7399,350
7400,350
7401,353
7402,357
7403,349
7404,383
7405,353
7406,357
7407,350
7408,356
7409,356
7410,353
7411,356
7412,356
7413,357
7414,349
7415,353
7416,353
7417,359
7418,350
7419,353
7420,353
7421,350
7422,350
7423,353
7424,353
7425,356
7426,353
7427,353
7428,353
7429,350
7430,353
7431,353
7432,350
7433,353
7434,353
7435,360
7436,357
7437,353
7438,359
7439,350
7440,357
7441,353
7442,353
7443,353
7444,353
7445,350
7446,356
7447,353
7448,353
7449,357
7450,350
7451,360
7452,353
7453,353
7454,357
7455,350
7456,363
7457,350
7458,350
7459,356
7460,353
7461,353
7462,353
7463,353
7464,353
7465,353
7466,350
7467,349
7468,353
7469,357
7470,353
7471,356
7472,360
7473,356
7474,353
7475,357
7476,350
7477,350
7478,360
7479,353
7480,353
7481,353
7482,356
7483,353
7484,356
7485,350
7486,350
7487,356
7488,350
7489,350
7490,353
7491,350
7492,357
7493,353
7494,353
7495,350
7496,349
7497,353
7498,357
7499,353
7500,353
7501,353
7502,350
7503,353
7504,357
7505,357
7506,353
7507,354
7508,350
7509,353
7510,356
7511,353
7512,353
7513,360
7514,353
7515,350
7516,350
7517,353
7518,356
7519,353
7520,349
7521,353
7522,353
7523,357
7524,353
7525,349
7526,360
7527,349
7528,357
7529,347
7530,353
7531,360
7532,356
7533,360
7534,360
7535,353
7536,349
7537,350
7538,353
7539,353
7540,356
7541,349
7542,353
7543,353
7544,356
7545,353
7546,350
7547,349
7548,353
7549,353
7550,357
7551,350
7552,353
7553,356
7554,356
7555,356
7556,353
7557,353
7558,353
7559,353
7560,356
7561,356
7562,353
7563,357
7564,353
7565,357
7566,354
7567,353
7568,350
7569,350
7570,357
7571,353
7572,353
7573,357
7574,353
7575,353
7576,353
7577,350
7578,350
7579,353
7580,350
7581,356
7582,350
7583,353
7584,356
7585,349
7586,353
7587,357
7588,350
7589,357
7590,356
7591,349
7592,350
7593,350
7594,360
7595,356
7596,350
7597,356
7598,357
7599,357
7600,353
7601,360
7602,357
7603,353
7604,350
7605,356
7606,353
7607,349
7608,353
7609,353
7610,353
7611,360
7612,350
7613,353
7614,353
7615,353
7616,353
7617,353
7618,350
7619,350
7620,353
7621,350
7622,353
7623,353
7624,353
7625,353
7626,360
7627,353
7628,353
7629,353
7630,367
7631,353
7632,349
7633,349
7634,353
7635,353
7636,357
7637,357
7638,350
7639,349
7640,353
7641,353
7642,353
7643,353
7644,360
7645,350
7646,353
7647,349
7648,349
7649,354
7650,350
7651,349
7652,354
7653,357
7654,357
7655,354
7656,350
7657,350
7658,357
7659,357
7660,356
7661,363
7662,353
7663,353
7664,353
7665,357
7666,350
7667,353
7668,353
7669,349
7670,353
7671,353
7672,350
7673,360
7674,353
7675,356
7676,350
7677,356
7678,353
7679,359
7680,349
7681,353
7682,353
7683,356
7684,349
7685,356
7686,356
7687,353
7688,353
7689,353
7690,353
7691,356
7692,350
7693,360
7694,349
7695,353
7696,353
7697,353
7698,356
7699,350
7700,356
7701,353
7702,356
7703,353
7704,353
7705,357
7706,350
7707,353
7708,353
7709,353
7710,350
7711,353
7712,350
7713,356
7714,357
7715,350
7716,349
7717,356
7718,353
7719,357
7720,356
7721,353
7722,353
7723,353
7724,353
7725,353
7726,353
7727,353
7728,356
7729,353
7730,357
7731,353
7732,353
7733,357
7734,350
7735,353
7736,353
7737,356
7738,353
7739,353
7740,356
7741,350
7742,353
7743,353
7744,356
7745,353
7746,356
7747,349
7748,350
7749,353
7750,353
7751,353
7752,350
7753,356
7754,357
7755,360
7756,353
7757,350
7758,353
7759,360
7760,353
7761,350
7762,353
7763,353
7764,356
7765,353
7766,356
7767,353
7768,353
7769,353
7770,350
7771,353
7772,350
7773,356
7774,353
7775,357
7776,360
7777,359
7778,350
7779,357
7780,353
7781,353
7782,350
7783,346
7784,353
7785,356
7786,356
7787,349
7788,353
7789,349
7790,356
7791,353
7792,357
7793,356
7794,349
7795,353
7796,356
7797,353
7798,353
7799,357
7800,353
7801,353
7802,356
7803,350
7804,356
7805,356
7806,356
7807,353
7808,360
7809,353
7810,349
7811,353
7812,353
7813,357
7814,353
7815,350
7816,353
7817,360
7818,349
7819,353
7820,353
7821,357
7822,353
7823,349
7824,353
7825,353
7826,353
7827,350
7828,360
7829,349
7830,350
7831,349
7832,353
7833,356
7834,356
7835,360
7836,350
7837,353
7838,356
7839,353
7840,353
7841,350
7842,353
7843,359
7844,357
7845,353
7846,353
7847,357
7848,359
7849,353
7850,353
7851,353
7852,360
7853,353
7854,350
7855,356
7856,353
7857,357
7858,357
7859,393
7860,360
7861,356
7862,353
7863,360
7864,353
7865,353
7866,356
7867,354
7868,350
7869,353
7870,353
7871,349
7872,360
7873,356
7874,360
7875,350
7876,357
7877,353
7878,353
7879,350
7880,350
7881,353
7882,353
7883,353
7884,357
7885,353
7886,356
7887,353
7888,353
7889,360
7890,353
7891,353
7892,353
7893,353
7894,353
7895,353
7896,356
7897,353
7898,353
7899,353
7900,353
7901,353
7902,356
7903,353
7904,356
7905,356
7906,357
7907,353
7908,353
7909,349
7910,360
7911,353
7912,357
7913,349
7914,359
7915,353
7916,353
7917,353
7918,350
7919,353
7920,353
7921,353
7922,354
7923,353
7924,353
7925,350
7926,353
7927,356
7928,353
7929,353
7930,353
7931,353
7932,357
7933,353
7934,353
7935,353
7936,356
7937,349
7938,356
7939,356
7940,350
7941,353
7942,349
7943,353
7944,353
7945,353
7946,353
7947,353
7948,353
7949,347
7950,350
7951,350
7952,350
7953,353
7954,353
7955,360
7956,360
7957,353
7958,353
7959,353
7960,353
7961,353
7962,349
7963,354
7964,350
7965,357
7966,350
7967,350
7968,353
7969,350
7970,349
7971,353
7972,353
7973,353
7974,353
7975,350
7976,350
7977,353
7978,353
7979,357
7980,353
7981,353
7982,353
7983,353
7984,356
7985,349
7986,353
7987,353
7988,353
7989,350
7990,356
7991,357
7992,357
7993,353
7994,353
7995,349
7996,357
7997,357
7998,353
7999,353
8000,350
8001,350
8002,356
8003,349
8004,356
8005,356
8006,353
8007,353
8008,350
8009,357
8010,357
8011,353
8012,356
8013,350
8014,356
8015,357
8016,350
8017,350
8018,353
8019,350
8020,360
8021,357
8022,353
8023,356
8024,353
8025,356
8026,350
8027,353
8028,350
8029,356
8030,350
8031,356
8032,359
8033,353
8034,353
8035,353
8036,356
8037,353
8038,353
8039,360
8040,350
8041,350
8042,353
8043,346
8044,363
8045,350
8046,356
8047,353
8048,357
8049,353
8050,350
8051,353
8052,353
8053,356
8054,350
8055,353
8056,353
8057,359
8058,353
8059,350
8060,357
8061,349
8062,353
8063,353
8064,353
8065,353
8066,360
8067,353
8068,353
8069,350
8070,356
8071,353
8072,357
8073,363
8074,347
8075,353
8076,347
8077,353
8078,356
8079,350
8080,350
8081,353
8082,353
8083,357
8084,350
8085,353
8086,353
8087,353
8088,353
8089,350
8090,357
8091,350
8092,353
8093,353
8094,353
8095,353
8096,350
8097,353
8098,353
8099,354
8100,353
8101,353
8102,354
8103,353
8104,357
8105,353
8106,356
8107,357
8108,353
8109,349
8110,349
8111,353
8112,353
8113,353
8114,353
8115,360
8116,356
8117,349
8118,353
8119,353
8120,353
8121,357
8122,356
8123,353
8124,356
8125,349
8126,356
8127,356
8128,356
8129,350
8130,353
8131,350
8132,356
8133,353
8134,350
8135,360
8136,356
8137,353
8138,353
8139,356
8140,353
8141,353
8142,356
8143,357
8144,350
8145,353
8146,353
8147,353
8148,360
8149,353
8150,350
8151,356
8152,353
8153,360
8154,356
8155,349
8156,353
8157,356
8158,356
8159,357
8160,353
8161,356
8162,363
8163,349
8164,353
8165,357
8166,357
8167,356
8168,353
8169,356
8170,353
8171,356
8172,360
8173,356
8174,353
8175,353
8176,353
8177,349
8178,350
8179,353
8180,350
8181,350
8182,353
8183,356
8184,357
8185,353
8186,353
8187,353
8188,356
8189,357
8190,353
8191,356
8192,353
8193,356
8194,349
8195,353
8196,356
8197,357
8198,350
8199,353
8200,353
8201,353
8202,353
8203,357
8204,350
8205,353
8206,349
8207,353
8208,353
8209,356
8210,353
8211,350
8212,353
8213,353
8214,357
8215,356
8216,357
8217,357
8218,353
8219,350
8220,349
8221,349
8222,353
8223,353
8224,356
8225,360
8226,353
8227,353
8228,359
8229,353
8230,353
8231,350
8232,353
8233,353
8234,353
8235,353
8236,356
8237,354
8238,350
8239,353
8240,353
8241,353
8242,353
8243,357
8244,350
8245,350
8246,350
8247,363
8248,353
8249,356
8250,350
8251,353
8252,357
8253,356
8254,353
8255,353
8256,353
8257,360
8258,350
8259,353
8260,353
8261,353
8262,360
8263,360
8264,357
8265,350
8266,350
8267,353
8268,356
8269,356
8270,353
8271,350
8272,353
8273,353
8274,350
8275,349
8276,353
8277,356
8278,349
8279,356
8280,353
8281,353
8282,353
8283,353
8284,350
8285,356
8286,356
8287,356
8288,353
8289,353
8290,353
8291,350
8292,350
8293,353
8294,350
8295,357
8296,353
8297,350
8298,353
8299,350
8300,350
8301,353
8302,360
8303,356
8304,357
8305,353
8306,357
8307,357
8308,353
8309,356
8310,350
8311,359
8312,353
8313,349
8314,386
8315,353
8316,353
8317,359
8318,353
8319,350
8320,356
8321,353
8322,357
8323,349
8324,350
8325,353
8326,353
8327,353
8328,353
8329,357
8330,363
8331,353
8332,353
8333,353
8334,350
8335,363
8336,353
8337,353
8338,356
8339,353
8340,350
8341,359
8342,360
8343,356
8344,353
8345,353
8346,350
8347,350
8348,357
8349,357
8350,357
8351,356
8352,353
8353,353
8354,353
8355,350
8356,350
8357,357
8358,360
8359,356
8360,360
8361,353
8362,356
8363,353
8364,349
8365,353
8366,356
8367,356
8368,353
8369,353
8370,349
8371,353
8372,356
8373,353
8374,353
8375,353
8376,360
8377,353
8378,353
8379,353
8380,349
8381,353
8382,349
8383,349
8384,357
8385,356
8386,357
8387,357
8388,353
8389,357
8390,350
8391,353
8392,353
8393,359
8394,357
8395,353
8396,356
8397,363
8398,357
8399,350
8400,353
8401,350
8402,357
8403,357
8404,356
8405,353
8406,354
8407,357
8408,356
8409,353
8410,353
8411,356
8412,353
8413,350
8414,359
8415,349
8416,349
8417,353
8418,360
8419,353
8420,353
8421,350
8422,350
8423,350
8424,350
8425,360
8426,357
8427,356
8428,353
8429,350
8430,350
8431,353
8432,353
8433,350
8434,353
8435,359
8436,353
8437,357
8438,353
8439,357
8440,356
8441,356
8442,353
8443,350
8444,353
8445,350
8446,353
8447,356
8448,359
8449,360
8450,357
8451,353
8452,353
8453,349
8454,356
8455,353
8456,353
8457,360
8458,350
8459,356
8460,356
8461,349
8462,353
8463,349
8464,357
8465,353
8466,353
8467,350
8468,360
8469,350
8470,353
8471,357
8472,346
8473,359
8474,360
8475,356
8476,350
8477,353
8478,350
8479,356
8480,363
8481,356
8482,353
8483,354
8484,353
8485,353
8486,353
8487,350
8488,353
8489,353
8490,353
8491,350
8492,353
8493,349
8494,353
8495,353
8496,356
8497,353
8498,350
8499,353
8500,350
8501,353
8502,357
8503,346
8504,350
8505,356
8506,350
8507,353
8508,356
8509,353
8510,353
8511,349
8512,349
8513,346
8514,353
8515,356
8516,350
8517,350
8518,353
8519,353
8520,356
8521,356
8522,353
8523,349
8524,360
8525,353
8526,356
8527,357
8528,350
8529,353
8530,347
8531,356
8532,357
8533,357
8534,353
8535,353
8536,350
8537,356
8538,360
8539,350
8540,357
8541,350
8542,356
8543,349
8544,353
8545,353
8546,350
8547,356
8548,353
8549,353
8550,353
8551,353
8552,350
8553,353
8554,350
8555,353
8556,353
8557,353
8558,356
8559,357
8560,360
8561,350
8562,356
8563,353
8564,353
8565,353
8566,356
8567,357
8568,357
8569,353
8570,357
8571,357
8572,353
8573,363
8574,350
8575,360
8576,350
8577,353
8578,349
8579,353
8580,350
8581,353
8582,350
8583,353
8584,356
8585,353
8586,356
8587,353
8588,353
8589,357
8590,350
8591,349
8592,360
8593,356
8594,353
8595,353
8596,356
8597,353
8598,353
8599,353
8600,353
8601,353
8602,353
8603,353
8604,353
8605,353
8606,353
8607,353
8608,356
8609,353
8610,353
8611,360
8612,353
8613,353
8614,353
8615,353
8616,356
8617,357
8618,353
8619,353
8620,359
8621,350
8622,349
8623,353
8624,356
8625,353
8626,353
8627,353
8628,357
8629,363
8630,353
8631,356
8632,356
8633,349
8634,360
8635,349
8636,353
8637,353
8638,353
8639,353
8640,353
8641,357
8642,353
8643,353
8644,350
8645,353
8646,353
8647,353
8648,353
8649,360
8650,356
8651,356
8652,353
8653,357
8654,353
8655,350
8656,353
8657,357
8658,350
8659,356
8660,356
8661,356
8662,353
8663,353
8664,350
8665,353
8666,353
8667,356
8668,363
8669,356
8670,357
8671,353
8672,353
8673,353
8674,359
8675,360
8676,353
8677,350
8678,357
8679,353
8680,353
8681,349
8682,357
8683,356
8684,353
8685,353
8686,350
8687,353
8688,353
8689,356
8690,353
8691,356
8692,353
8693,353
8694,356
8695,350
8696,356
8697,359
8698,356
8699,356
8700,353
8701,353
8702,353
8703,356
8704,356
8705,353
8706,353
8707,356
8708,353
8709,356
8710,350
8711,357
8712,353
8713,353
8714,353
8715,353
8716,353
8717,359
8718,356
8719,359
8720,356
8721,357
8722,353
8723,350
8724,353
8725,356
8726,350
8727,353
8728,349
8729,356
8730,353
8731,350
8732,349
8733,350
8734,357
8735,353
8736,353
8737,353
8738,353
8739,356
8740,353
8741,347
8742,350
8743,353
8744,357
8745,353
8746,353
8747,353
8748,353
8749,350
8750,353
8751,353
8752,356
8753,357
8754,350
8755,350
8756,357
8757,353
8758,356
8759,353
8760,353
8761,360
8762,363
8763,356
8764,353
8765,356
8766,353
8767,356
8768,353
8769,399
8770,357
8771,356
8772,353
8773,353
8774,356
8775,350
8776,353
8777,353
8778,349
8779,353
8780,353
8781,363
8782,353
8783,353
8784,360
8785,353
8786,357
8787,350
8788,353
8789,356
8790,359
8791,350
8792,350
8793,353
8794,350
8795,350
8796,350
8797,353
8798,350
8799,353
8800,353
8801,356
8802,353
8803,353
8804,356
8805,353
8806,353
8807,353
8808,357
8809,353
8810,350
8811,349
8812,350
8813,356
8814,353
8815,353
8816,356
8817,353
8818,350
8819,353
8820,353
8821,350
8822,349
8823,356
8824,350
8825,353
8826,353
8827,357
8828,356
8829,353
8830,353
8831,350
8832,356
8833,353
8834,350
8835,350
8836,360
8837,350
8838,353
8839,353
8840,353
8841,356
8842,353
8843,350
8844,350
8845,353
8846,350
8847,357
8848,357
8849,356
8850,356
8851,353
8852,356
8853,350
8854,357
8855,353
8856,350
8857,356
8858,353
8859,350
8860,350
8861,353
8862,350
8863,353
8864,353
8865,353
8866,353
8867,350
8868,357
8869,350
8870,350
8871,356
8872,353
8873,353
8874,357
8875,353
8876,356
8877,353
8878,353
8879,353
8880,350
8881,356
8882,353
8883,353
8884,357
8885,357
8886,350
8887,356
8888,360
8889,353
8890,356
8891,353
8892,357
8893,353
8894,353
8895,349
8896,353
8897,353
8898,356
8899,353
8900,350
8901,353
8902,353
8903,357
8904,353
8905,353
8906,350
8907,353
8908,353
8909,350
8910,353
8911,356
8912,359
8913,357
8914,353
8915,353
8916,353
8917,353
8918,353
8919,360
8920,356
8921,356
8922,356
8923,353
8924,353
8925,350
8926,353
8927,350
8928,356
8929,350
8930,350
8931,353
8932,350
8933,353
8934,356
8935,356
8936,350
8937,356
8938,356
8939,353
8940,350
8941,349
8942,356
8943,353
8944,353
8945,353
8946,353
8947,353
8948,349
8949,350
8950,349
8951,356
8952,356
8953,356
8954,356
8955,353
8956,353
8957,350
8958,350
8959,357
8960,350
8961,356
8962,353
8963,356
8964,353
8965,353
8966,350
8967,356
8968,357
8969,356
8970,353
8971,353
8972,359
8973,353
8974,356
8975,356
8976,356
8977,353
8978,353
8979,350
8980,360
8981,346
8982,359
8983,353
8984,349
8985,350
8986,353
8987,349
8988,356
8989,353
8990,353
8991,353
8992,360
8993,356
8994,356
8995,353
8996,353
8997,357
8998,353
8999,363
9000,350
9001,356
9002,353
9003,357
9004,350
9005,349
9006,357
9007,353
9008,353
9009,357
9010,350
9011,357
9012,359
9013,353
9014,360
9015,353
9016,353
9017,357
9018,350
9019,353
9020,350
9021,353
9022,353
9023,360
9024,353
9025,349
9026,353
9027,353
9028,353
9029,353
9030,349
9031,350
9032,353
9033,350
9034,357
9035,353
9036,353
9037,349
9038,349
9039,353
9040,353
9041,350
9042,349
9043,350
9044,356
9045,359
9046,356
9047,353
9048,350
9049,350
9050,350
9051,353
9052,353
9053,357
9054,353
9055,356
9056,350
9057,350
9058,353
9059,353
9060,350
9061,353
9062,359
9063,357
9064,353
9065,357
9066,350
9067,350
9068,360
9069,353
9070,353
9071,350
9072,357
9073,356
9074,350
9075,357
9076,356
9077,353
9078,350
9079,356
9080,356
9081,356
9082,353
9083,350
9084,350
9085,353
9086,353
9087,353
9088,353
9089,359
9090,360
9091,353
9092,353
9093,356
9094,353
9095,353
9096,349
9097,356
9098,349
9099,350
9100,350
9101,354
9102,353
9103,349
9104,350
9105,353
9106,353
9107,350
9108,353
9109,359
9110,357
9111,359
9112,353
9113,347
9114,356
9115,353
9116,353
9117,357
9118,349
9119,357
9120,353
9121,350
9122,349
9123,353
9124,353
9125,353
9126,356
9127,356
9128,350
9129,353
9130,350
9131,353
9132,349
9133,357
9134,353
9135,360
9136,357
9137,347
9138,353
9139,353
9140,353
9141,356
9142,350
9143,346
9144,350
9145,350
9146,350
9147,353
9148,353
9149,353
9150,353
9151,353
9152,353
9153,350
9154,357
9155,350
9156,359
9157,353
9158,353
9159,357
9160,353
9161,356
9162,357
9163,353
9164,353
9165,357
9166,357
9167,356
9168,357
9169,353
9170,360
9171,350
9172,357
9173,353
9174,353
9175,363
9176,350
9177,353
9178,353
9179,350
9180,356
9181,356
9182,357
9183,353
9184,350
9185,357
9186,350
9187,353
9188,356
9189,360
9190,360
9191,356
9192,350
9193,357
9194,356
9195,353
9196,357
9197,353
9198,353
9199,360
9200,353
9201,350
9202,349
9203,353
9204,353
9205,353
9206,353
9207,359
9208,356
9209,349
9210,357
9211,353
9212,350
9213,353
9214,353
9215,360
9216,356
9217,357
9218,360
9219,353
9220,357
9221,350
9222,350
9223,353
9224,396
9225,356
9226,353
9227,353
9228,357
9229,350
9230,350
9231,356
9232,353
9233,353
9234,353
9235,4723
9236,354
9237,356
9238,350
9239,354
9240,353
9241,353
9242,353
9243,356
9244,353
9245,353
9246,353
9247,353
9248,350
9249,356
9250,350
9251,353
9252,353
9253,356
9254,350
9255,356
9256,350
9257,357
9258,357
9259,359
9260,353
9261,353
9262,353
9263,356
9264,356
9265,353
9266,353
9267,353
9268,360
9269,353
9270,353
9271,356
9272,353
9273,350
9274,350
9275,353
9276,353
9277,353
9278,353
9279,356
9280,356
9281,353
9282,353
9283,356
9284,350
9285,353
9286,353
9287,350
9288,356
9289,360
9290,353
9291,353
9292,353
9293,353
9294,349
9295,353
9296,353
9297,349
9298,353
9299,353
9300,353
9301,356
9302,360
9303,349
9304,353
9305,349
9306,357
9307,353
9308,353
9309,356
9310,356
9311,350
9312,353
9313,349
9314,356
9315,350
9316,360
9317,350
9318,353
9319,353
9320,353
9321,353
9322,349
9323,350
9324,353
9325,349
9326,353
9327,353
9328,353
9329,349
9330,353
9331,360
9332,350
9333,357
9334,356
9335,360
9336,353
9337,353
9338,353
9339,357
9340,353
9341,360
9342,353
9343,356
9344,353
9345,353
9346,357
9347,350
9348,350
9349,353
9350,349
9351,353
9352,353
9353,353
9354,357
9355,350
9356,353
9357,353
9358,356
9359,360
9360,357
9361,353
9362,353
9363,356
9364,353
9365,356
9366,353
9367,349
9368,356
9369,353
9370,356
9371,350
9372,353
9373,349
9374,360
9375,350
9376,353
9377,350
9378,350
9379,356
9380,353
9381,350
9382,353
9383,353
9384,354
9385,349
9386,356
9387,360
9388,353
9389,360
9390,354
9391,353
9392,349
9393,360
9394,357
9395,350
9396,354
9397,350
9398,350
9399,350
9400,357
9401,353
9402,357
9403,360
9404,353
9405,354
9406,353
9407,357
9408,353
9409,353
9410,353
9411,350
9412,353
9413,360
9414,354
9415,356
9416,353
9417,353
9418,357
9419,356
9420,353
9421,353
9422,353
9423,359
9424,353
9425,353
9426,356
9427,350
9428,353
9429,353
9430,360
9431,353
9432,357
9433,353
9434,353
9435,353
9436,360
9437,349
9438,349
9439,353
9440,350
9441,350
9442,357
9443,350
9444,356
9445,353
9446,353
9447,353
9448,353
9449,356
9450,353
9451,353
9452,356
9453,356
9454,356
9455,353
9456,356
9457,349
9458,353
9459,356
9460,353
9461,357
9462,357
9463,350
9464,360
9465,349
9466,353
9467,353
9468,356
9469,360
9470,356
9471,356
9472,356
9473,353
9474,353
9475,353
9476,354
9477,353
9478,357
9479,353
9480,356
9481,356
9482,350
9483,353
9484,356
9485,357
9486,357
9487,353
9488,353
9489,353
9490,349
9491,357
9492,356
9493,359
9494,350
9495,350
9496,353
9497,357
9498,356
9499,353
9500,350
9501,350
9502,353
9503,353
9504,353
9505,349
9506,353
9507,353
9508,353
9509,353
9510,353
9511,353
9512,357
9513,353
9514,357
9515,353
9516,349
9517,356
9518,356
9519,353
9520,350
9521,350
9522,353
9523,353
9524,353
9525,350
9526,353
9527,356
9528,353
9529,357
9530,353
9531,353
9532,360
9533,353
9534,356
9535,353
9536,350
9537,356
9538,350
9539,360
9540,356
9541,350
9542,353
9543,349
9544,350
9545,357
9546,350
9547,357
9548,353
9549,356
9550,354
9551,350
9552,356
9553,353
9554,349
9555,356
9556,350
9557,353
9558,350
9559,350
9560,353
9561,350
9562,357
9563,356
9564,349
9565,353
9566,353
9567,353
9568,357
9569,353
9570,356
9571,353
9572,353
9573,356
9574,353
9575,356
9576,356
9577,353
9578,356
9579,360
9580,350
9581,353
9582,353
9583,349
9584,353
9585,350
9586,353
9587,357
9588,356
9589,357
9590,353
9591,353
9592,356
9593,350
9594,356
9595,353
9596,353
9597,353
9598,359
9599,353
9600,350
9601,353
9602,350
9603,350
9604,353
9605,353
9606,353
9607,350
9608,356
9609,363
9610,356
9611,350
9612,353
9613,356
9614,349
9615,353
9616,356
9617,353
9618,350
9619,353
9620,369
9621,353
9622,359
9623,353
9624,353
9625,353
9626,356
9627,353
9628,353
9629,353
9630,353
9631,350
9632,356
9633,350
9634,353
9635,356
9636,353
9637,356
9638,356
9639,356
9640,357
9641,350
9642,363
9643,353
9644,349
9645,353
9646,353
9647,353
9648,350
9649,350
9650,350
9651,349
9652,356
9653,353
9654,353
9655,353
9656,356
9657,363
9658,360
9659,353
9660,353
9661,353
9662,354
9663,357
9664,356
9665,350
9666,360
9667,353
9668,353
9669,353
9670,353
9671,350
9672,356
9673,349
9674,353
9675,353
9676,356
9677,353
9678,353
9679,397
9680,353
9681,360
9682,356
9683,353
9684,350
9685,356
9686,353
9687,353
9688,353
9689,363
9690,354
9691,353
9692,349
9693,353
9694,353
9695,357
9696,354
9697,353
9698,350
9699,353
9700,350
9701,359
9702,360
9703,356
9704,353
9705,353
9706,350
9707,356
9708,356
9709,353
9710,353
9711,353
9712,353
9713,353
9714,350
9715,353
9716,356
9717,353
9718,356
9719,356
9720,349
9721,353
9722,349
9723,357
9724,350
9725,350
9726,353
9727,350
9728,353
9729,353
9730,356
9731,353
9732,357
9733,356
9734,350
9735,357
9736,353
9737,356
9738,353
9739,349
9740,360
9741,353
9742,353
9743,360
9744,359
9745,356
9746,353
9747,350
9748,356
9749,360
9750,360
9751,350
9752,356
9753,356
9754,360
9755,353
9756,353
9757,350
9758,356
9759,353
9760,353
9761,350
9762,353
9763,353
9764,353
9765,353
9766,353
9767,356
9768,353
9769,346
9770,356
9771,350
9772,350
9773,357
9774,353
9775,353
9776,350
9777,353
9778,356
9779,350
9780,357
9781,357
9782,360
9783,353
9784,350
9785,356
9786,357
9787,356
9788,356
9789,350
9790,350
9791,353
9792,356
9793,350
9794,353
9795,349
9796,353
9797,350
9798,350
9799,356
9800,353
9801,356
9802,353
9803,350
9804,350
9805,353
9806,353
9807,353
9808,353
9809,357
9810,350
9811,356
9812,356
9813,350
9814,350
9815,350
9816,353
9817,349
9818,353
9819,354
9820,353
9821,356
9822,360
9823,349
9824,353
9825,354
9826,356
9827,349
9828,356
9829,353
9830,359
9831,353
9832,356
9833,353
9834,353
9835,353
9836,363
9837,360
9838,353
9839,356
9840,350
9841,349
9842,353
9843,353
9844,353
9845,353
9846,353
9847,350
9848,350
9849,356
9850,353
9851,356
9852,353
9853,349
9854,357
9855,353
9856,350
9857,357
9858,350
9859,357
9860,353
9861,350
9862,350
9863,353
9864,353
9865,356
9866,353
9867,353
9868,356
9869,353
9870,356
9871,356
9872,349
9873,357
9874,353
9875,356
9876,349
9877,353
9878,356
9879,357
9880,350
9881,353
9882,357
9883,353
9884,349
9885,356
9886,356
9887,357
9888,353
9889,349
9890,353
9891,359
9892,353
9893,353
9894,353
9895,353
9896,353
9897,356
9898,349
9899,353
9900,350
9901,349
9902,353
9903,356
9904,353
9905,353
9906,353
9907,363
9908,353
9909,356
9910,357
9911,350
9912,356
9913,359
9914,353
9915,349
9916,353
9917,357
9918,350
9919,356
9920,353
9921,350
9922,349
9923,354
9924,353
9925,353
9926,354
9927,350
9928,353
9929,350
9930,353
9931,353
9932,357
9933,353
9934,356
9935,353
9936,353
9937,353
9938,359
9939,353
9940,353
9941,350
9942,350
9943,356
9944,350
9945,353
9946,350
9947,353
9948,360
9949,353
9950,356
9951,353
9952,353
9953,353
9954,353
9955,353
9956,357
9957,350
9958,359
9959,350
9960,350
9961,356
9962,349
9963,353
9964,353
9965,353
9966,357
9967,353
9968,356
9969,350
9970,350
9971,357
9972,356
9973,353
9974,350
9975,353
9976,357
9977,356
9978,353
9979,353
9980,357
9981,353
9982,360
9983,353
9984,353
9985,353
9986,349
9987,349
9988,350
9989,349
9990,356
9991,350
9992,353
9993,353
9994,353
9995,350
9996,353
9997,350
9998,350
9999,353
